"Order ID","Order Date","Customer ID","Product ID",Sales,Quantity,Profit
CA-2016-152156,11/8/2016,CG-12520,FUR-BO-10001798,261.96,2,41.9136
CA-2016-152156,11/8/2016,CG-12520,FUR-CH-10000454,731.94,3,219.582
US-2015-108966,10/11/2015,SO-20335,FUR-TA-10000577,957.5775,5,-383.031
CA-2014-115812,6/9/2014,BH-11710,TEC-PH-10002275,907.152,6,90.7152
CA-2014-115812,6/9/2014,BH-11710,FUR-TA-10001539,1706.184,9,85.3092
CA-2014-115812,6/9/2014,BH-11710,TEC-PH-10002033,911.424,4,68.3568
CA-2016-161389,12/5/2016,IM-15070,OFF-BI-10003656,407.976,3,132.5922
CA-2014-105893,11/11/2014,PK-19075,OFF-ST-10004186,665.88,6,13.3176
CA-2015-106320,9/25/2015,EB-13870,FUR-TA-10000577,1044.63,3,240.2649
US-2015-150630,9/17/2015,TB-21520,FUR-BO-10004834,3083.43,7,-1665.0522
CA-2016-117590,12/8/2016,GH-14485,TEC-PH-10004977,1097.544,7,123.4737
CA-2015-117415,12/27/2015,SN-20710,FUR-BO-10002545,532.3992,3,-46.9764
CA-2015-117415,12/27/2015,SN-20710,TEC-PH-10000486,371.168,4,41.7564
CA-2016-105816,12/11/2016,JM-15265,TEC-PH-10002447,1029.95,5,298.6855
CA-2016-111682,6/17/2016,TB-21055,FUR-CH-10003968,319.41,5,7.098
CA-2014-106376,12/5/2014,BS-11590,OFF-AR-10002671,1113.024,8,111.3024
US-2015-134026,4/26/2015,JE-15745,FUR-CH-10000513,831.936,8,-114.3912
CA-2017-140088,5/28/2017,PO-18865,FUR-CH-10000863,301.96,2,33.2156
US-2015-156867,11/13/2015,LC-16870,TEC-AC-10001552,238.896,6,-26.8758
CA-2015-129476,10/15/2015,PA-19060,TEC-AC-10000844,339.96,5,67.992
CA-2015-110457,3/2/2015,DK-13090,FUR-TA-10001768,787.53,3,165.3813
US-2014-152030,12/26/2014,AD-10180,FUR-CH-10004063,600.558,3,-8.5794
US-2014-134614,9/20/2014,PF-19165,FUR-TA-10004534,617.7,6,-407.682
US-2017-107272,11/5/2017,TS-21610,OFF-ST-10002974,243.992,7,30.499
US-2016-125969,11/6/2016,LS-16975,FUR-FU-10003773,238.56,3,26.2416
CA-2017-155376,12/22/2017,SG-20080,OFF-AP-10001058,839.43,3,218.2518
CA-2015-110744,9/7/2015,HA-14920,OFF-ST-10003656,671.93,7,20.1579
CA-2016-114489,12/5/2016,JE-16165,TEC-PH-10000215,384.45,11,103.8015
CA-2016-114489,12/5/2016,JE-16165,FUR-CH-10000454,1951.84,8,585.552
CA-2014-104269,3/1/2014,DB-13060,FUR-CH-10004063,457.568,2,51.4764
CA-2016-114104,11/20/2016,NP-18670,TEC-PH-10004536,944.93,7,236.2325
CA-2014-139892,9/8/2014,BM-11140,TEC-MA-10000822,8159.952,8,-1359.992
CA-2014-139892,9/8/2014,BM-11140,OFF-ST-10000991,275.928,3,-58.6347
CA-2014-139892,9/8/2014,BM-11140,FUR-CH-10004287,1740.06,9,-24.858
CA-2014-118962,8/5/2014,CS-12130,FUR-CH-10003817,340.144,7,21.259
US-2015-101511,11/21/2015,JE-15745,FUR-CH-10004698,396.802,7,-11.3372
CA-2014-166191,12/5/2014,DK-13150,TEC-AC-10004659,408.744,7,76.6395
CA-2014-158274,11/19/2014,RM-19675,TEC-PH-10003273,503.96,4,131.0296
CA-2015-102281,10/12/2015,MP-17470,FUR-BO-10002613,899.136,4,112.392
CA-2015-102281,10/12/2015,MP-17470,FUR-BO-10002545,626.352,3,46.9764
CA-2017-108329,12/9/2017,LE-16810,TEC-PH-10001918,444.768,4,44.4768
CA-2015-146262,1/2/2015,VW-21775,FUR-BO-10004695,452.45,5,-244.323
CA-2015-146262,1/2/2015,VW-21775,TEC-MA-10000864,1188,9,-950.4
CA-2016-130162,10/28/2016,JH-15910,TEC-PH-10002563,302.376,3,22.6782
CA-2015-169397,12/24/2015,JB-15925,TEC-MA-10001148,479.988,4,-383.9904
CA-2015-163055,8/9/2015,DS-13180,FUR-TA-10003748,622.45,5,136.939
US-2015-145436,2/28/2015,VD-21670,FUR-CH-10004477,389.696,8,43.8408
US-2017-100930,4/7/2017,CS-12400,FUR-TA-10003473,620.6145,3,-248.2458
US-2017-100930,4/7/2017,CS-12400,FUR-FU-10004017,258.072,3,0
US-2017-100930,4/7/2017,CS-12400,TEC-AC-10003832,617.976,3,-7.7247
CA-2016-157749,6/4/2016,KL-16645,FUR-FU-10000576,419.68,5,-356.728
CA-2014-131926,6/1/2014,DW-13480,FUR-CH-10004063,2001.86,7,580.5394
CA-2014-131926,6/1/2014,DW-13480,OFF-AP-10002945,1503.25,5,496.0725
CA-2016-154739,12/10/2016,LH-17155,FUR-CH-10002965,321.568,2,28.1372
CA-2016-145625,9/11/2016,KC-16540,TEC-AC-10003832,3347.37,13,636.0003
CA-2016-146941,12/10/2016,DL-13315,OFF-EN-10003296,361.92,4,162.864
US-2015-159982,11/28/2015,DR-12880,TEC-PH-10001580,647.904,6,56.6916
US-2014-106992,9/19/2014,SB-20290,TEC-MA-10000822,3059.982,3,-509.997
US-2014-106992,9/19/2014,SB-20290,TEC-MA-10003353,2519.958,7,-251.9958
CA-2016-125318,6/6/2016,RC-19825,TEC-PH-10001433,328.224,4,28.7196
CA-2017-163979,12/28/2017,KH-16690,OFF-ST-10003208,725.84,4,210.4936
US-2015-161991,9/26/2015,SC-20725,TEC-PH-10001760,1114.4,7,376.11
CA-2015-130890,11/2/2015,JO-15280,FUR-TA-10002903,1038.84,5,51.942
CA-2015-130883,9/26/2015,TB-21520,TEC-AC-10001956,239.8,5,47.96
CA-2016-112697,12/18/2016,AH-10195,OFF-BI-10000778,254.058,7,-169.372
CA-2016-112697,12/18/2016,AH-10195,OFF-SU-10000646,961.48,5,-204.3145
CA-2016-110772,11/20/2016,NZ-18565,TEC-AC-10002001,255.984,2,54.3966
CA-2014-111451,12/26/2014,KL-16555,FUR-FU-10004091,300.416,8,78.8592
CA-2014-111003,6/1/2014,CR-12625,OFF-AR-10002135,289.2,6,83.868
CA-2016-142902,9/12/2016,BP-11185,FUR-CH-10004086,466.768,2,52.5114
CA-2014-164973,11/4/2014,NM-18445,TEC-MA-10002927,3991.98,2,1995.99
CA-2014-164973,11/4/2014,NM-18445,TEC-PH-10004093,275.94,6,80.0226
CA-2014-164973,11/4/2014,NM-18445,TEC-AC-10000892,360,4,129.6
CA-2016-162138,4/23/2016,GK-14620,OFF-BI-10004593,251.52,6,81.744
US-2016-141544,8/30/2016,PO-18850,TEC-PH-10003645,290.898,3,-67.8762
US-2016-141544,8/30/2016,PO-18850,FUR-CH-10003312,786.744,4,-258.5016
CA-2015-137946,9/1/2015,DB-13615,TEC-CO-10001449,959.984,2,335.9944
CA-2014-129924,7/12/2014,AC-10420,FUR-TA-10004575,698.352,3,-17.4588
CA-2014-122336,4/13/2014,JD-15895,OFF-BI-10003656,509.97,10,-407.976
CA-2016-129714,9/1/2016,AB-10060,OFF-BI-10004995,4355.168,4,1415.4296
CA-2016-138520,4/8/2016,JL-15505,FUR-BO-10002268,388.704,6,-4.8588
CA-2017-155698,3/8/2017,VB-21745,OFF-AP-10001124,647.84,8,168.4384
CA-2017-144904,9/25/2017,KW-16435,FUR-CH-10000785,488.646,3,86.8704
CA-2016-155516,10/21/2016,MK-17905,FUR-BO-10002545,1043.92,4,271.4192
US-2014-119137,7/23/2014,AG-10900,TEC-AC-10003911,1023.936,8,179.1888
US-2014-119137,7/23/2014,AG-10900,TEC-AC-10002076,479.04,10,-29.94
US-2017-134481,8/27/2017,AR-10405,FUR-TA-10004915,1488.424,7,-297.6848
US-2015-168935,11/27/2015,DO-13435,FUR-TA-10000617,375.4575,3,-157.0095
CA-2015-122756,12/3/2015,DK-13225,TEC-MA-10001681,482.34,4,-337.638
US-2014-135972,9/21/2014,JG-15115,TEC-PH-10003012,246.384,2,27.7182
US-2014-135972,9/21/2014,JG-15115,TEC-CO-10002313,1799.97,3,701.9883
CA-2016-108987,9/8/2016,AG-10675,FUR-BO-10004834,2396.2656,4,-317.1528
CA-2017-117457,12/8/2017,KH-16510,TEC-CO-10004115,1199.976,3,434.9913
CA-2017-117457,12/8/2017,KH-16510,FUR-TA-10002041,1004.024,7,-112.9527
CA-2017-117457,12/8/2017,KH-16510,FUR-BO-10001972,1336.829,13,31.4548
CA-2017-142636,11/3/2017,KC-16675,FUR-CH-10001891,307.136,4,26.8744
CA-2016-148796,4/14/2016,PB-19150,FUR-CH-10004886,383.8,5,38.38
CA-2017-155705,8/21/2017,NF-18385,FUR-CH-10000015,866.4,4,225.264
CA-2017-149160,11/23/2017,JM-15265,OFF-BI-10001543,287.92,8,138.2016
US-2016-123750,4/15/2016,RB-19795,TEC-AC-10004659,408.744,7,76.6395
US-2016-123750,4/15/2016,RB-19795,TEC-AC-10004659,291.96,5,54.7425
CA-2016-127369,6/6/2016,DB-13060,OFF-ST-10003306,714.3,5,207.147
US-2014-150574,12/19/2014,MK-18160,TEC-AC-10002600,247.8,5,-18.585
CA-2016-147375,6/12/2016,PO-19180,TEC-MA-10002937,1007.979,3,43.1991
CA-2016-147375,6/12/2016,PO-19180,OFF-PA-10001970,313.488,7,113.6394
CA-2016-115756,9/5/2016,PK-19075,FUR-CH-10002372,242.94,3,29.1528
CA-2016-166674,4/1/2016,RB-19360,OFF-AR-10001953,263.88,6,71.2476
CA-2017-147277,10/20/2017,EB-13705,FUR-TA-10001539,284.364,2,-75.8304
CA-2017-147277,10/20/2017,EB-13705,OFF-ST-10000142,665.408,2,66.5408
US-2016-157945,9/26/2016,NF-18385,FUR-CH-10002331,747.558,3,-96.1146
CA-2015-109638,12/15/2015,JH-15985,TEC-AC-10004571,899.91,9,377.9622
CA-2016-109869,4/22/2016,TN-21040,FUR-TA-10001889,1272.63,6,-814.4832
US-2015-101399,1/17/2015,JS-15940,FUR-FU-10002918,254.744,7,-312.0614
CA-2014-144666,11/9/2014,JP-15520,OFF-ST-10002743,340.92,3,3.4092
CA-2014-144666,11/9/2014,JP-15520,TEC-PH-10002680,703.968,4,87.996
CA-2016-100790,6/26/2016,JG-15805,OFF-ST-10000689,704.25,5,84.51
CA-2017-140963,6/10/2017,MT-18070,FUR-BO-10001337,514.165,5,-30.245
CA-2017-140963,6/10/2017,MT-18070,TEC-PH-10001924,279.96,5,17.4975
CA-2014-154627,10/29/2014,SA-20830,TEC-PH-10001363,2735.952,6,341.994
CA-2014-113362,9/14/2014,AJ-10960,OFF-ST-10001809,449.15,5,8.983
CA-2016-126158,7/25/2016,SC-20095,FUR-FU-10004864,255.76,4,81.8432
CA-2016-126158,7/25/2016,SC-20095,FUR-CH-10002602,241.568,2,18.1176
US-2016-105578,5/30/2016,MY-17380,FUR-CH-10001215,801.568,2,50.098
CA-2015-145352,3/16/2015,CM-12385,OFF-BI-10003527,6354.95,5,3177.475
CA-2017-127432,1/22/2017,AD-10180,TEC-CO-10003236,2999.95,5,1379.977
CA-2017-127432,1/22/2017,AD-10180,OFF-ST-10004459,1126.02,3,56.301
CA-2017-113558,10/21/2017,PH-18790,FUR-CH-10003379,683.952,3,42.747
US-2015-138303,9/3/2015,MG-18145,OFF-SU-10002881,666.248,1,-149.9058
CA-2016-168753,5/29/2016,RL-19615,TEC-PH-10000984,979.95,5,274.386
CA-2015-134894,12/7/2015,DK-12985,FUR-CH-10002647,283.92,4,70.98
CA-2014-140795,2/1/2014,BD-11500,TEC-AC-10001432,468.9,6,206.316
CA-2016-136924,7/14/2016,ES-14080,TEC-PH-10002262,380.864,8,38.0864
US-2015-120161,12/18/2015,LM-17065,OFF-ST-10001809,646.776,9,-145.5246
CA-2015-113173,11/15/2015,DK-13225,OFF-ST-10000604,250.272,9,15.642
CA-2016-136406,4/15/2016,BD-11320,FUR-CH-10002024,1121.568,2,0
CA-2017-100650,6/29/2017,DK-13225,OFF-ST-10001780,1295.78,2,310.9872
CA-2016-113243,6/10/2016,OT-18730,FUR-TA-10004256,1335.68,4,-217.048
CA-2017-137099,12/7/2017,FP-14320,TEC-PH-10002496,374.376,3,46.797
CA-2017-156951,10/1/2017,EB-13840,FUR-CH-10004997,451.152,3,0
CA-2017-145233,12/1/2017,DV-13465,TEC-PH-10004977,470.376,3,52.9173
CA-2017-145233,12/1/2017,DV-13465,TEC-PH-10001254,406.368,4,30.4776
CA-2015-128139,7/3/2015,BD-11725,OFF-LA-10003930,294.93,3,144.5157
CA-2014-131450,8/8/2014,LR-16915,TEC-CO-10004115,1199.976,3,434.9913
CA-2014-131450,8/8/2014,LR-16915,TEC-PH-10002398,445.96,5,55.745
CA-2014-131450,8/8/2014,LR-16915,FUR-FU-10001979,327.76,8,91.7728
US-2016-100720,7/16/2016,CK-12205,TEC-PH-10003963,494.376,4,-115.3544
CA-2016-161816,4/28/2016,NB-18655,TEC-PH-10003012,369.576,3,41.5773
CA-2016-121223,9/11/2016,GD-14590,TEC-PH-10004667,728.946,9,-157.9383
CA-2015-138009,11/29/2015,SF-20965,FUR-CH-10004853,301.96,2,87.5684
CA-2015-138009,11/29/2015,SF-20965,OFF-AP-10000179,555.21,5,178.901
CA-2015-138009,11/29/2015,SF-20965,OFF-ST-10001272,523.48,4,130.87
US-2016-135720,12/11/2016,FM-14380,OFF-ST-10001963,243.384,3,-51.7191
US-2016-135720,12/11/2016,FM-14380,TEC-PH-10002103,300.768,4,30.0768
CA-2017-144694,9/24/2017,BD-11605,OFF-LA-10003930,235.944,3,85.5297
CA-2015-168004,10/4/2015,DJ-13420,FUR-CH-10001482,392.94,3,43.2234
CA-2016-115917,5/20/2016,RB-19465,FUR-FU-10000576,1049.2,5,272.792
CA-2017-167913,7/30/2017,JL-15835,OFF-ST-10000585,330.4,2,85.904
CA-2016-160745,12/11/2016,AR-10825,TEC-PH-10003273,302.376,3,22.6782
CA-2016-160745,12/11/2016,AR-10825,TEC-AC-10001142,316,4,31.6
CA-2016-132661,10/23/2016,SR-20740,OFF-PA-10000482,379.4,10,178.318
US-2016-156097,9/19/2016,EH-14125,FUR-CH-10001215,701.372,2,-50.098
CA-2015-146563,8/24/2015,CB-12025,OFF-ST-10001490,999.432,7,124.929
CA-2015-146563,8/24/2015,CB-12025,OFF-ST-10001511,724.08,14,-135.765
CA-2015-146563,8/24/2015,CB-12025,FUR-TA-10001768,918.785,5,-118.1295
CA-2016-123666,3/26/2016,SP-20545,OFF-ST-10001522,459.95,5,18.398
CA-2017-132682,6/8/2017,TH-21235,TEC-PH-10004042,381.576,3,28.6182
US-2017-168116,11/4/2017,GT-14635,TEC-MA-10004125,7999.98,4,-3839.9904
CA-2014-157784,7/5/2014,MC-17845,TEC-AC-10003911,479.97,3,163.1898
US-2014-117135,6/21/2014,NP-18325,TEC-PH-10002033,284.82,1,74.0532
CA-2015-142027,4/9/2015,JK-15370,FUR-TA-10002774,369.912,3,-13.8717
CA-2014-112158,12/2/2014,DP-13165,FUR-BO-10003272,883.92,5,-110.49
US-2017-100048,5/19/2017,RS-19765,OFF-AP-10001154,281.34,6,109.7226
US-2017-100048,5/19/2017,RS-19765,TEC-PH-10003012,307.98,2,89.3142
US-2017-100048,5/19/2017,RS-19765,TEC-AC-10001606,299.97,3,113.9886
CA-2016-142335,12/15/2016,MP-17965,FUR-TA-10000198,1652.94,3,231.4116
CA-2016-142335,12/15/2016,MP-17965,OFF-ST-10000036,296.37,3,80.0199
US-2016-150861,12/3/2016,EG-13900,FUR-TA-10002228,400.032,2,-153.3456
US-2016-150861,12/3/2016,EG-13900,FUR-CH-10002965,542.646,3,102.4998
CA-2017-131954,1/21/2017,DS-13030,OFF-ST-10000736,242.94,3,9.7176
CA-2014-112326,1/4/2014,PO-19195,OFF-ST-10002743,272.736,3,-64.7748
CA-2014-124429,5/27/2014,MH-17785,FUR-TA-10002607,567.12,10,-28.356
CA-2014-124429,5/27/2014,MH-17785,OFF-ST-10001809,359.32,4,7.1864
CA-2016-110499,4/7/2016,YC-21895,TEC-CO-10002095,1199.976,3,374.9925
CA-2016-140928,9/18/2016,NB-18655,FUR-TA-10001095,383.438,4,-167.3184
CA-2014-162775,1/13/2014,CS-12250,TEC-AC-10003174,646.74,6,258.696
CA-2014-162775,1/13/2014,CS-12250,OFF-ST-10000025,572.58,6,34.3548
CA-2014-106810,5/14/2014,AJ-10795,FUR-FU-10004306,310.88,2,23.316
CA-2016-157245,5/19/2016,LE-16810,FUR-CH-10003746,641.96,2,179.7488
CA-2015-144267,8/21/2015,NZ-18565,FUR-CH-10002335,544.008,3,40.8006
CA-2015-154620,12/12/2015,LT-17110,FUR-CH-10004675,348.928,2,34.8928
CA-2015-115938,6/26/2015,SA-20830,FUR-CH-10003199,332.94,3,79.9056
CA-2016-105256,5/20/2016,JK-15730,TEC-PH-10001530,1363.96,5,85.2475
CA-2015-101910,11/27/2015,CD-11920,FUR-CH-10002647,283.92,5,17.745
CA-2016-136133,8/18/2016,HW-14935,OFF-AP-10000576,355.32,9,99.4896
CA-2014-134313,11/1/2014,RA-19915,TEC-PH-10001795,1983.968,4,247.996
CA-2014-151995,10/13/2014,ZC-21910,FUR-TA-10002903,1298.55,5,311.652
CA-2017-143686,5/14/2017,PJ-19015,TEC-AC-10001838,1399.93,7,601.9699
CA-2014-140858,6/28/2014,CA-12775,FUR-CH-10001394,1228.465,5,0
CA-2014-140858,6/28/2014,CA-12775,OFF-PA-10003395,335.52,4,117.432
CA-2017-101434,6/20/2017,TR-21325,TEC-AC-10002402,239.97,3,71.991
CA-2017-129462,6/16/2017,JE-15745,FUR-CH-10000665,301.96,2,90.588
CA-2016-165316,7/23/2016,JB-15400,TEC-MA-10004002,265.475,1,-111.4995
CA-2015-114300,10/13/2015,AF-10885,FUR-CH-10001891,287.94,3,77.7438
CA-2016-123274,2/19/2016,GT-14710,OFF-ST-10000736,242.94,3,9.7176
CA-2016-158099,9/3/2016,PK-18910,OFF-BI-10000545,1141.47,5,-760.98
CA-2016-158099,9/3/2016,PK-18910,TEC-PH-10002496,280.782,3,-46.797
CA-2016-116736,1/17/2016,CC-12430,FUR-FU-10004017,322.59,3,64.518
CA-2016-116736,1/17/2016,CC-12430,TEC-AC-10002049,371.97,3,66.9546
CA-2017-111689,11/30/2017,HP-14815,FUR-CH-10004287,1242.9,5,262.39
CA-2017-133256,6/26/2017,TH-21550,TEC-PH-10002660,543.92,8,135.98
CA-2017-132353,9/15/2017,DB-13060,TEC-PH-10004536,323.976,3,20.2485
CA-2017-143259,12/30/2017,PO-18865,FUR-BO-10003441,323.136,4,12.1176
CA-2017-137596,9/2/2017,BE-11335,TEC-PH-10001494,1199.8,4,323.946
CA-2017-137596,9/2/2017,BE-11335,TEC-AC-10004666,1928.78,7,829.3754
CA-2017-137596,9/2/2017,BE-11335,OFF-ST-10003816,352.38,2,81.0474
US-2014-141215,6/15/2014,KL-16555,FUR-CH-10003379,797.944,4,-56.996
CA-2015-111164,4/11/2015,SE-20110,OFF-AP-10004487,406.6,5,113.848
CA-2016-149797,9/15/2016,AH-10075,OFF-BI-10003650,841.568,2,294.5488
CA-2014-132962,9/13/2014,JM-15535,TEC-AC-10004353,252,5,53.55
CA-2016-140081,6/20/2016,CG-12040,OFF-AP-10001058,447.696,2,33.5772
CA-2016-142958,12/13/2016,RW-19630,FUR-TA-10000577,1114.272,4,41.7852
CA-2015-120880,5/29/2015,JL-15850,OFF-ST-10001496,540.57,3,140.5482
US-2015-140200,7/26/2015,CA-12775,FUR-TA-10002356,393.165,3,-204.4458
US-2017-110576,11/28/2017,RB-19795,FUR-FU-10003601,516.488,7,-12.9122
US-2017-110576,11/28/2017,RB-19795,FUR-FU-10000576,1007.232,6,75.5424
US-2017-110576,11/28/2017,RB-19795,FUR-TA-10004154,2065.32,12,-619.596
CA-2017-152142,11/14/2017,LW-16990,FUR-CH-10002965,321.568,2,28.1372
CA-2017-135279,4/9/2017,BS-11800,OFF-ST-10001097,501.81,3,0
CA-2017-159366,1/7/2017,BW-11110,TEC-MA-10000822,3059.982,2,679.996
CA-2016-144939,10/3/2016,EB-13870,FUR-CH-10003199,599.292,6,93.2232
CA-2014-163419,11/11/2014,TZ-21580,TEC-PH-10000560,559.984,2,55.9984
CA-2014-163419,11/11/2014,TZ-21580,FUR-CH-10000665,603.92,5,75.49
CA-2017-100314,9/29/2017,AS-10630,TEC-MA-10003066,336.51,3,44.868
CA-2017-167899,5/21/2017,JG-15805,FUR-FU-10004071,520.05,5,72.807
CA-2015-153549,3/29/2015,SL-20155,FUR-CH-10004086,1166.92,5,131.2785
CA-2014-117639,5/21/2014,MW-18235,OFF-BI-10003925,2715.93,7,1276.4871
CA-2014-117639,5/21/2014,MW-18235,TEC-PH-10001530,617.97,3,173.0316
CA-2015-124891,7/31/2015,RH-19495,TEC-AC-10003033,2309.65,7,762.1845
CA-2015-124891,7/31/2015,RH-19495,FUR-TA-10002903,1090.782,7,-290.8752
CA-2015-126445,8/27/2015,RA-19945,OFF-ST-10000046,484.65,3,92.0835
US-2015-126214,12/21/2015,JS-15880,FUR-TA-10003748,1618.37,13,356.0414
CA-2015-108665,7/6/2015,KM-16225,OFF-ST-10001526,601.65,5,156.429
CA-2015-124450,4/27/2015,GT-14710,FUR-CH-10000309,1267.53,3,316.8825
CA-2015-124450,4/27/2015,GT-14710,TEC-MA-10004212,1379.92,8,648.5624
CA-2014-163552,7/11/2014,LA-16780,FUR-CH-10003379,854.94,3,213.735
CA-2016-127670,3/20/2016,RD-19660,FUR-TA-10001095,697.16,4,146.4036
CA-2016-102981,9/6/2016,MO-17500,FUR-BO-10001811,722.352,3,90.294
CA-2017-152702,10/12/2017,SN-20710,FUR-CH-10002304,254.604,14,-18.186
CA-2016-169103,3/8/2016,ZC-21910,TEC-PH-10001530,1363.96,5,85.2475
CA-2014-139192,5/27/2014,LC-16885,TEC-PH-10000486,1113.504,12,125.2692
US-2015-153500,7/3/2015,DG-13300,FUR-FU-10004460,282.888,9,56.5776
CA-2015-110016,11/29/2015,BT-11395,FUR-CH-10002880,1106.91,9,121.7601
US-2016-143819,3/1/2016,KD-16270,FUR-TA-10001095,836.592,8,-264.9208
US-2016-143819,3/1/2016,KD-16270,OFF-ST-10003208,362.92,2,105.2468
US-2016-143819,3/1/2016,KD-16270,TEC-MA-10003979,4899.93,7,2400.9657
CA-2015-165085,12/27/2015,BT-11485,OFF-AP-10002518,355.96,2,103.2284
CA-2017-160423,1/21/2017,PS-19045,OFF-ST-10004340,348.208,7,30.4682
CA-2014-159338,6/25/2014,NS-18640,FUR-TA-10004147,447.84,5,11.196
CA-2015-142755,9/4/2015,CS-12355,OFF-PA-10001970,279.9,5,137.151
CA-2015-142755,9/4/2015,CS-12355,TEC-AC-10002049,619.95,5,111.591
US-2014-147627,1/20/2014,HL-15040,TEC-PH-10001061,699.93,7,181.9818
US-2014-147627,1/20/2014,HL-15040,FUR-CH-10002331,1067.94,3,224.2674
CA-2016-112102,4/12/2016,BD-11605,FUR-TA-10004086,343.92,4,75.6624
CA-2016-152170,11/12/2016,FH-14275,OFF-EN-10002831,287.52,8,129.384
CA-2014-146969,9/29/2014,AP-10915,TEC-MA-10004241,686.32,2,223.054
CA-2015-112452,4/4/2015,NC-18340,OFF-AP-10003849,644.076,2,107.346
CA-2015-112452,4/4/2015,NC-18340,TEC-CO-10004202,599.98,2,209.993
CA-2014-136567,12/20/2014,PS-19045,FUR-TA-10001932,2244.48,7,493.7856
CA-2014-136567,12/20/2014,PS-19045,FUR-TA-10000617,455.1,2,100.122
CA-2017-147039,6/29/2017,AA-10315,OFF-AP-10000576,362.94,3,90.735
CA-2015-125416,11/2/2015,KC-16540,TEC-AC-10001552,447.93,9,49.2723
CA-2017-145226,12/8/2017,DL-13315,OFF-ST-10004123,272.94,3,0
CA-2016-168081,4/24/2016,CA-12055,TEC-AC-10003174,258.696,3,64.674
CA-2014-128146,6/21/2014,DB-13060,TEC-PH-10004539,1322.93,7,357.1911
CA-2014-127131,11/24/2014,HR-14830,OFF-ST-10002344,485.88,6,9.7176
CA-2017-117212,2/26/2017,BT-11530,TEC-PH-10004447,889.536,8,66.7152
CA-2017-117212,2/26/2017,BT-11530,FUR-CH-10003973,892.224,3,89.2224
CA-2016-130946,4/8/2016,ZC-21910,TEC-AC-10001990,431.928,9,64.7892
CA-2016-130946,4/8/2016,ZC-21910,OFF-BI-10004995,1088.792,4,-1850.9464
CA-2016-114727,7/18/2016,LS-16945,FUR-CH-10002335,544.008,3,40.8006
CA-2016-114727,7/18/2016,LS-16945,FUR-CH-10002331,854.352,3,10.6794
CA-2016-114727,7/18/2016,LS-16945,OFF-ST-10002292,593.568,2,0
CA-2016-114727,7/18/2016,LS-16945,OFF-ST-10000689,338.04,3,-33.804
CA-2017-133235,8/1/2017,LH-16750,TEC-PH-10002660,271.96,5,16.9975
CA-2016-137050,7/14/2016,SW-20755,FUR-BO-10004695,579.136,4,21.7176
US-2017-118087,9/9/2017,SP-20620,TEC-AC-10003174,258.696,3,64.674
US-2017-118087,9/9/2017,SP-20620,TEC-PH-10002200,1931.958,7,-386.3916
CA-2014-110184,7/12/2014,BF-11170,OFF-ST-10000107,249.75,9,44.955
CA-2014-110184,7/12/2014,BF-11170,TEC-PH-10000439,255.936,8,28.7928
CA-2016-153682,5/30/2016,BG-11695,TEC-CO-10001046,839.988,2,69.999
US-2016-162859,2/15/2016,PG-18820,OFF-BI-10004519,398.352,3,124.485
CA-2014-168494,12/12/2014,NP-18700,FUR-TA-10004619,764.688,6,95.586
CA-2014-168494,12/12/2014,NP-18700,FUR-TA-10003473,3610.848,12,135.4068
CA-2014-168494,12/12/2014,NP-18700,FUR-BO-10004467,254.9745,3,11.9988
CA-2017-115602,12/18/2017,DJ-13630,FUR-CH-10001708,1141.938,9,139.5702
CA-2017-115602,12/18/2017,DJ-13630,OFF-AP-10000891,1704.56,13,511.368
CA-2015-154956,7/4/2015,IM-15070,TEC-PH-10004165,1099.96,4,285.9896
US-2016-168620,12/24/2016,RB-19795,OFF-ST-10003716,540.048,3,-47.2542
US-2016-168620,12/24/2016,RB-19795,TEC-AC-10004469,255.68,8,76.704
CA-2017-117079,10/23/2017,JR-15700,TEC-PH-10004586,863.88,3,107.985
US-2014-167738,12/24/2014,JC-16105,FUR-CH-10001146,292.272,6,18.267
CA-2016-119186,5/26/2016,MS-17710,FUR-CH-10001973,388.43,5,-88.784
CA-2016-160815,9/5/2016,TR-21325,TEC-PH-10003505,278.4,3,80.736
CA-2017-122154,4/9/2017,SA-20830,OFF-PA-10000994,251.64,3,88.074
CA-2015-138898,5/25/2015,JH-16180,OFF-AP-10004487,845.728,13,84.5728
CA-2016-137043,12/23/2016,LC-17140,FUR-FU-10003664,572.76,6,166.1004
CA-2016-137043,12/23/2016,LC-17140,FUR-FU-10003664,286.38,3,83.0502
US-2017-126179,7/3/2017,CS-12460,TEC-PH-10001557,287.97,3,77.7519
CA-2016-101966,7/14/2016,BM-11785,TEC-PH-10003437,419.944,7,52.493
CA-2016-145919,12/18/2016,HG-14965,OFF-SU-10003505,579.3,5,28.965
CA-2014-160773,7/1/2014,LW-16825,TEC-PH-10004586,575.92,2,71.99
CA-2017-167703,2/3/2017,MC-17575,OFF-ST-10001490,285.552,2,35.694
CA-2016-122133,5/16/2016,JR-15670,OFF-ST-10002574,552.56,4,0
CA-2017-100524,3/31/2017,CM-12115,TEC-PH-10002549,677.58,3,176.1708
CA-2017-113481,1/2/2017,AS-10045,TEC-MA-10002178,695.7,2,-27.828
CA-2014-153976,10/3/2014,BP-11290,FUR-CH-10002880,258.279,3,-70.1043
CA-2017-162978,5/4/2017,LW-16990,FUR-TA-10003473,300.904,1,11.2839
US-2014-160444,7/5/2014,DC-12850,OFF-ST-10000563,281.424,11,-35.178
CA-2017-125199,10/19/2017,HM-14860,TEC-PH-10001336,309.576,4,-56.7556
US-2017-155425,11/10/2017,AB-10600,TEC-AC-10001314,239.952,6,-35.9928
US-2017-155425,11/10/2017,AB-10600,FUR-CH-10003312,899.136,4,-146.1096
US-2015-103471,12/24/2015,JR-15670,FUR-BO-10002613,590.058,7,-786.744
CA-2015-120362,9/14/2015,CA-12265,FUR-TA-10003008,912.75,5,118.6575
CA-2014-126361,8/4/2014,VD-21670,OFF-AP-10003590,1089.75,3,305.13
CA-2014-126361,8/4/2014,VD-21670,OFF-PA-10000806,447.84,8,219.4416
CA-2014-126361,8/4/2014,VD-21670,TEC-PH-10002310,399.96,5,34.9965
US-2016-108504,2/5/2016,PP-18955,OFF-PA-10001289,348.84,9,170.9316
US-2016-108504,2/5/2016,PP-18955,FUR-BO-10004015,239.98,2,52.7956
US-2016-108504,2/5/2016,PP-18955,TEC-PH-10003645,484.83,3,126.0558
US-2016-108504,2/5/2016,PP-18955,OFF-PA-10003892,342.37,7,160.9139
US-2017-117247,10/9/2017,CK-12760,FUR-TA-10002958,652.45,5,-430.617
CA-2016-159212,11/1/2016,KM-16375,OFF-EN-10002230,251.79,3,118.3413
US-2016-161396,4/19/2016,GM-14455,OFF-PA-10000418,419.4,5,146.79
US-2016-122245,9/25/2016,AB-10105,FUR-TA-10002356,393.165,3,-204.4458
CA-2016-136329,7/9/2016,JD-15895,FUR-CH-10002335,408.006,2,72.5344
CA-2014-146640,6/30/2014,HA-14905,OFF-BI-10002867,334.768,7,108.7996
CA-2017-115994,1/28/2017,BT-11305,TEC-AC-10000580,239.97,3,26.3967
CA-2015-126697,9/21/2015,SV-20815,TEC-PH-10002922,946.344,7,118.293
CA-2015-124800,9/26/2015,RW-19540,TEC-PH-10001750,263.96,5,23.0965
CA-2015-124800,9/26/2015,RW-19540,OFF-ST-10002743,363.648,4,-86.3664
US-2015-164448,10/31/2015,DK-12835,OFF-LA-10003510,427.42,14,196.6132
CA-2014-120768,12/19/2014,IM-15070,FUR-CH-10000513,1819.86,14,163.7874
CA-2015-139731,10/15/2015,JE-15745,TEC-AC-10004975,263.88,3,42.8805
CA-2015-139731,10/15/2015,JE-15745,FUR-CH-10002024,2453.43,5,-350.49
CA-2016-133725,5/23/2016,KL-16645,TEC-PH-10004165,1979.928,9,148.4946
CA-2017-102337,6/13/2017,SD-20485,FUR-CH-10004289,470.302,7,-87.3418
CA-2016-133711,11/26/2016,MC-17425,TEC-MA-10000010,3040,8,1459.2
CA-2017-148474,6/12/2017,ME-17320,FUR-TA-10002530,452.94,3,67.941
US-2016-128902,3/11/2016,MB-18085,FUR-TA-10001095,244.006,2,-31.3722
CA-2016-152289,8/26/2016,LC-16930,FUR-CH-10002126,1024.716,6,-29.2776
CA-2015-100769,5/16/2015,TH-21550,TEC-AC-10002402,255.968,4,31.996
CA-2017-139199,12/9/2017,DK-12835,FUR-CH-10000847,872.94,3,226.9644
CA-2015-140410,11/3/2015,CM-12655,TEC-PH-10003580,1212.848,7,106.1242
CA-2017-166436,11/24/2017,TS-21370,FUR-CH-10000785,977.292,6,173.7408
CA-2017-130386,11/12/2017,NG-18430,OFF-ST-10003716,540.048,3,-47.2542
CA-2015-153388,8/1/2015,PC-19000,FUR-TA-10003715,1004.976,6,-175.8708
CA-2016-134208,9/17/2016,CS-12505,TEC-MA-10004458,396,4,190.08
CA-2017-100384,6/24/2017,NH-18610,OFF-AR-10002135,385.6,8,111.824
CA-2017-148446,12/10/2017,MC-17845,FUR-TA-10004256,1669.6,4,116.872
CA-2017-121888,9/15/2017,CL-11890,FUR-BO-10002545,782.94,3,203.5644
CA-2017-121888,9/15/2017,CL-11890,OFF-BI-10001765,242.48,7,116.3904
CA-2014-150245,12/31/2014,PC-18745,FUR-BO-10002613,1573.488,7,196.686
CA-2015-111395,11/23/2015,VB-21745,OFF-PA-10000994,335.52,4,117.432
CA-2014-134278,7/6/2014,EP-13915,TEC-CO-10001046,559.992,1,174.9975
US-2017-102890,6/30/2017,SG-20470,FUR-TA-10000577,1044.63,5,-295.9785
CA-2014-116239,3/4/2014,CL-12565,OFF-ST-10001370,354.9,5,17.745
CA-2015-132101,3/19/2015,JO-15550,TEC-PH-10004539,453.576,3,39.6879
US-2014-157385,11/23/2014,SC-20095,FUR-CH-10000863,603.92,5,-67.941
US-2014-157385,11/23/2014,SC-20095,FUR-CH-10000595,381.44,2,23.84
CA-2014-101602,12/15/2014,MC-18100,FUR-CH-10004675,763.28,5,-21.808
CA-2015-131338,8/9/2015,NP-18325,TEC-PH-10003012,307.98,2,89.3142
CA-2015-131338,8/9/2015,NP-18325,FUR-TA-10002607,382.806,9,-153.1224
CA-2015-131338,8/9/2015,NP-18325,OFF-BI-10000545,1217.568,2,456.588
CA-2015-131338,8/9/2015,NP-18325,TEC-PH-10000984,979.95,5,274.386
CA-2015-131338,8/9/2015,NP-18325,TEC-AC-10002600,247.8,4,34.692
CA-2015-118423,3/24/2015,DP-13390,FUR-BO-10000362,359.058,3,-35.9058
CA-2017-132234,10/16/2017,MY-17380,FUR-FU-10001290,547.3,13,175.136
CA-2014-156349,5/26/2014,ML-17395,FUR-BO-10000362,290.666,2,27.3568
CA-2017-138380,12/21/2017,YS-21880,OFF-ST-10003306,1000.02,7,290.0058
CA-2017-108560,7/8/2017,JC-15385,OFF-LA-10003930,786.48,8,385.3752
CA-2015-157084,12/19/2015,JG-15160,TEC-PH-10002922,675.96,5,84.495
CA-2015-157084,12/19/2015,JG-15160,TEC-AC-10002049,1265.85,3,556.974
CA-2015-164539,11/16/2015,PO-19180,OFF-AP-10002457,523.25,5,141.2775
CA-2015-143119,9/24/2015,MC-17275,FUR-CH-10001270,517.5,6,155.25
CA-2016-106530,5/8/2016,CL-12565,OFF-ST-10002011,1006.056,3,88.0299
CA-2014-168984,11/26/2014,NW-18400,OFF-ST-10001097,669.08,5,-167.27
CA-2014-168984,11/26/2014,NW-18400,TEC-PH-10000038,438.336,4,-87.6672
CA-2015-111829,3/19/2015,FH-14365,OFF-ST-10000142,1247.64,3,349.3392
CA-2015-111829,3/19/2015,FH-14365,TEC-CO-10001766,3149.93,7,1480.4671
CA-2017-144526,4/30/2017,QJ-19255,TEC-PH-10002549,677.58,5,-158.102
CA-2016-128531,11/24/2016,NS-18505,TEC-AC-10002049,297.576,3,-7.4394
US-2015-157154,1/10/2015,MM-17920,FUR-TA-10001889,1018.104,4,-373.3048
CA-2014-122882,9/7/2014,SB-20290,TEC-MA-10004679,399.54,4,-559.356
CA-2017-143798,12/10/2017,AW-10840,FUR-FU-10004306,310.88,2,23.316
CA-2014-142839,8/16/2014,TS-21610,FUR-TA-10001539,853.092,6,-227.4912
CA-2014-135657,6/3/2014,SC-20725,FUR-TA-10004086,515.88,6,113.4936
CA-2015-114069,7/13/2015,ND-18370,FUR-CH-10000595,1931.04,9,321.84
CA-2017-123491,10/30/2017,JK-15205,OFF-AP-10002684,1702.12,14,510.636
US-2017-124968,9/8/2017,MM-18055,FUR-TA-10004289,765.625,7,-566.5625
CA-2017-104003,10/7/2017,DC-13285,FUR-BO-10003965,307.666,2,-14.4784
CA-2016-169943,5/19/2016,BN-11515,OFF-AP-10001563,242.9,5,70.441
CA-2016-169943,5/19/2016,BN-11515,OFF-ST-10004123,454.9,5,0
US-2015-123218,12/20/2015,KD-16345,TEC-AC-10000736,255.968,4,51.1936
US-2015-123218,12/20/2015,KD-16345,FUR-BO-10003966,359.058,3,-71.8116
CA-2015-127453,12/19/2015,JK-15370,OFF-AP-10000828,434.352,3,43.4352
US-2017-164056,4/29/2017,FM-14215,FUR-TA-10001307,1048.35,5,-69.89
US-2016-131149,7/10/2016,LH-17155,OFF-ST-10000689,338.04,3,-33.804
CA-2017-152807,10/30/2017,MC-18100,TEC-AC-10001142,442.4,7,-55.3
CA-2017-116715,12/2/2017,VW-21775,OFF-ST-10004340,559.62,9,151.0974
CA-2015-135622,12/8/2015,TT-21460,OFF-PA-10000100,360.712,11,130.7581
CA-2015-135622,12/8/2015,TT-21460,TEC-PH-10001817,1718.4,6,150.36
CA-2015-130785,9/5/2015,AG-10900,FUR-BO-10000330,411.332,4,-4.8392
CA-2015-130785,9/5/2015,AG-10900,FUR-BO-10003159,293.199,3,-20.6964
CA-2014-118976,4/28/2014,MY-18295,OFF-ST-10000877,497.61,9,129.3786
CA-2015-105347,11/24/2015,DP-13000,OFF-PA-10000675,368.91,9,180.7659
CA-2015-154326,2/15/2015,RP-19855,TEC-PH-10000560,699.98,2,195.9944
CA-2014-120474,12/1/2014,RP-19390,FUR-CH-10001854,2807.84,8,673.8816
US-2017-139465,8/27/2017,MR-17545,TEC-PH-10000455,347.97,3,100.9113
CA-2017-158379,9/22/2017,JA-15970,OFF-SU-10002881,4663.736,7,-1049.3406
US-2016-116729,12/25/2016,GK-14620,TEC-PH-10002200,2575.944,7,257.5944
US-2016-116729,12/25/2016,GK-14620,TEC-AC-10001465,254.24,7,76.272
CA-2014-132612,6/9/2014,FO-14305,FUR-TA-10004534,1441.3,7,245.021
CA-2016-109344,2/8/2016,CH-12070,TEC-PH-10002624,1127.976,3,126.8973
CA-2014-103373,5/18/2014,BS-11755,TEC-PH-10002885,779.796,2,-168.9558
CA-2017-145884,10/21/2017,SL-20155,TEC-PH-10000895,1439.92,8,374.3792
CA-2017-145884,10/21/2017,SL-20155,FUR-TA-10002356,262.11,1,62.9064
CA-2017-162691,8/1/2017,AS-10045,TEC-MA-10000488,1439.982,3,-263.9967
CA-2017-122693,2/19/2017,NH-18610,OFF-AP-10002518,1245.86,7,361.2994
CA-2017-128370,9/10/2017,FH-14275,FUR-CH-10002602,362.352,3,27.1764
CA-2015-160472,7/20/2015,RK-19300,TEC-AC-10002253,831.2,5,124.68
US-2017-121251,3/26/2017,GM-14440,FUR-BO-10001918,257.568,2,-28.9764
US-2016-100839,10/13/2016,NC-18625,FUR-TA-10004575,727.45,5,-465.568
US-2017-116659,11/12/2017,NG-18355,TEC-PH-10002824,370.782,3,-92.6955
CA-2014-116932,7/21/2014,ME-18010,FUR-CH-10001215,801.568,2,50.098
CA-2014-116932,7/21/2014,ME-18010,FUR-TA-10004175,272.848,1,27.2848
CA-2017-112039,3/25/2017,JC-15775,TEC-PH-10000984,470.376,3,47.0376
CA-2017-118885,12/29/2017,JG-15160,FUR-CH-10002880,393.568,4,-44.2764
CA-2017-118885,12/29/2017,JG-15160,TEC-PH-10002563,302.376,3,22.6782
CA-2015-109512,3/5/2015,LF-17185,FUR-CH-10001146,383.607,7,63.9345
CA-2015-109512,3/5/2015,LF-17185,OFF-ST-10000689,563.4,4,67.608
CA-2014-140165,5/13/2014,EH-14005,OFF-BI-10004519,398.352,8,-331.96
CA-2014-142587,10/21/2014,TB-21520,FUR-TA-10000617,409.59,3,-122.877
CA-2015-109197,12/31/2015,JO-15280,OFF-BI-10004632,487.984,2,152.495
CA-2017-141789,10/3/2017,AC-10450,OFF-BI-10001359,1793.98,2,843.1706
CA-2014-169775,8/29/2014,RA-19945,OFF-BI-10004390,505.176,4,-336.784
CA-2017-167094,10/21/2017,DK-12835,FUR-CH-10000155,478.48,2,47.848
CA-2017-154410,10/21/2017,MD-17860,OFF-ST-10002743,909.12,8,9.0912
CA-2017-121503,7/3/2017,FH-14275,OFF-PA-10001878,273.896,7,92.4399
CA-2017-121503,7/3/2017,FH-14275,TEC-MA-10003674,597.132,3,49.761
CA-2015-123673,10/30/2015,CH-12070,TEC-PH-10001809,299.9,2,74.975
US-2017-111423,8/17/2017,EH-13765,OFF-BI-10003091,895.92,5,302.373
US-2017-111423,8/17/2017,EH-13765,FUR-CH-10003981,462.564,2,97.6524
CA-2016-156685,7/8/2016,SC-20230,TEC-PH-10004345,863.64,9,107.955
US-2017-101539,3/16/2017,VM-21685,TEC-PH-10004165,659.976,3,49.4982
CA-2016-152121,11/27/2016,CC-12670,TEC-PH-10002483,271.992,1,23.7993
CA-2017-101245,11/27/2017,LW-16990,OFF-PA-10003129,244.55,5,114.9385
CA-2016-112109,7/8/2016,JE-15715,FUR-CH-10004287,662.88,3,74.574
CA-2017-157987,9/2/2017,AC-10615,FUR-TA-10001889,254.526,1,-93.3262
CA-2017-157987,9/2/2017,AC-10615,FUR-CH-10003379,1282.41,5,213.735
CA-2017-157987,9/2/2017,AC-10615,TEC-AC-10002842,238,2,38.08
CA-2017-110905,9/10/2017,RW-19690,TEC-AC-10003023,296.85,5,53.433
CA-2017-110905,9/10/2017,RW-19690,OFF-ST-10000025,286.29,3,17.1774
CA-2017-165841,12/21/2017,DB-13210,TEC-PH-10002103,281.97,3,78.9516
CA-2017-117485,9/23/2017,BD-11320,TEC-AC-10004659,291.96,4,102.186
CA-2017-140242,5/6/2017,ML-17755,TEC-AC-10004659,408.744,7,76.6395
CA-2014-110408,10/18/2014,AS-10225,OFF-ST-10001522,275.97,3,11.0388
CA-2014-110408,10/18/2014,AS-10225,TEC-PH-10002352,1394.95,5,362.687
CA-2014-110408,10/18/2014,AS-10225,FUR-CH-10003774,545.88,6,70.9644
CA-2016-112669,4/14/2016,KT-16465,FUR-CH-10004086,933.536,4,105.0228
CA-2014-122749,12/3/2014,NG-18430,TEC-PH-10003811,479.96,4,134.3888
CA-2014-164721,11/25/2014,LW-16825,OFF-AP-10000240,320.88,6,93.0552
CA-2016-147417,7/25/2016,CB-12415,TEC-CO-10001449,1439.976,4,191.9968
CA-2015-127509,11/9/2015,AS-10090,FUR-TA-10002855,1024.38,7,215.1198
US-2017-147221,12/2/2017,JS-16030,OFF-AP-10002534,294.62,5,-766.012
CA-2017-163510,12/25/2017,JW-15955,FUR-CH-10001146,304.45,5,76.1125
CA-2014-116407,11/15/2014,JF-15190,OFF-AP-10002118,333.056,2,29.1424
CA-2016-145905,9/18/2016,AM-10705,FUR-CH-10001854,350.98,1,84.2352
CA-2016-145905,9/18/2016,AM-10705,OFF-ST-10003716,900.08,4,117.0104
CA-2016-168354,9/19/2016,RH-19510,OFF-ST-10001490,1606.23,9,481.869
CA-2016-168354,9/19/2016,RH-19510,FUR-CH-10004675,872.32,4,244.2496
US-2017-111241,8/20/2017,GM-14500,OFF-BI-10002867,239.12,5,77.714
CA-2017-162481,9/25/2017,CT-11995,FUR-CH-10003061,269.97,3,51.2943
CA-2016-131835,7/17/2016,MC-17590,TEC-PH-10001760,597,3,280.59
CA-2015-142237,7/11/2015,CK-12595,FUR-FU-10004848,289.8,7,36.225
CA-2015-142237,7/11/2015,CK-12595,FUR-CH-10003833,341.488,8,-73.176
CA-2017-120376,12/22/2017,TP-21130,FUR-CH-10002335,1586.69,7,412.5394
CA-2017-120376,12/22/2017,TP-21130,FUR-TA-10004534,411.8,2,70.006
CA-2014-106439,10/31/2014,GG-14650,OFF-ST-10001963,405.64,4,12.1692
CA-2014-106439,10/31/2014,GG-14650,TEC-AC-10004568,251.91,9,47.8629
CA-2015-133452,4/13/2015,ZC-21910,FUR-TA-10003954,710.832,3,-97.7394
US-2017-110996,11/20/2017,KA-16525,FUR-CH-10003956,283.92,5,-46.137
CA-2017-122504,11/7/2017,DB-13270,TEC-PH-10002468,761.544,7,66.6351
CA-2016-140501,6/23/2016,IM-15070,OFF-ST-10000060,324.9,5,38.988
CA-2017-166142,7/15/2017,MM-17260,FUR-TA-10004607,310.443,3,-48.7839
CA-2014-145926,11/17/2014,MP-17470,FUR-CH-10004289,479.9,5,81.583
US-2016-146570,5/15/2016,SN-20710,OFF-BI-10001718,511.84,8,240.5648
CA-2017-124401,9/7/2017,RD-19900,TEC-AC-10002926,279.944,7,80.4839
US-2014-140116,3/10/2014,KT-16480,OFF-ST-10000078,636.408,3,-15.9102
CA-2014-123295,7/18/2014,AH-10120,FUR-CH-10002372,259.136,4,-25.9136
CA-2015-164882,10/31/2015,SG-20080,OFF-BI-10004519,398.352,3,124.485
CA-2015-164882,10/31/2015,SG-20080,FUR-CH-10004218,323.136,4,20.196
CA-2015-164882,10/31/2015,SG-20080,TEC-PH-10001578,1295.84,4,145.782
CA-2015-164882,10/31/2015,SG-20080,FUR-BO-10002213,425.833,1,20.0392
CA-2017-155460,4/13/2017,RW-19630,OFF-BI-10003091,895.92,5,302.373
CA-2017-167381,9/22/2017,EH-14005,FUR-BO-10001972,241.96,2,41.1332
CA-2014-159520,6/6/2014,GT-14635,FUR-TA-10003238,991.764,3,-347.1174
US-2016-152051,6/25/2016,TS-21160,FUR-CH-10002965,422.058,3,-18.0882
US-2016-152051,6/25/2016,TS-21160,OFF-ST-10001713,254.352,6,-50.8704
CA-2014-124646,6/22/2014,DV-13465,OFF-ST-10001097,501.81,3,0
CA-2017-166296,3/13/2017,KF-16285,OFF-PA-10004359,314.55,3,150.984
US-2017-137491,11/19/2017,LC-16930,FUR-CH-10004675,305.312,2,-8.7232
CA-2016-128818,5/7/2016,CJ-12010,FUR-CH-10002084,442.764,4,59.0352
CA-2016-128818,5/7/2016,CJ-12010,TEC-MA-10000488,3999.95,5,1159.9855
CA-2017-143063,8/10/2017,IL-15100,TEC-PH-10003645,1454.49,9,378.1674
US-2014-165659,6/1/2014,LT-17110,TEC-PH-10002563,881.93,7,229.3018
CA-2014-125556,11/14/2014,ML-17410,TEC-PH-10001079,832.93,7,233.2204
CA-2017-129378,10/1/2017,NS-18505,OFF-AP-10000576,241.96,2,60.49
CA-2017-130841,7/28/2017,MH-17620,TEC-PH-10001817,1145.6,4,100.24
CA-2015-131884,12/6/2015,DK-13375,TEC-PH-10001578,485.94,2,-89.089
CA-2016-139157,10/1/2016,GM-14680,FUR-TA-10003238,330.588,1,-115.7058
CA-2014-128055,3/31/2014,AA-10315,OFF-BI-10004390,673.568,2,252.588
CA-2017-157091,6/26/2017,DB-13405,FUR-FU-10000293,526.45,5,31.587
CA-2015-123232,12/14/2015,DJ-13630,TEC-PH-10001051,319.968,4,35.9964
CA-2016-146633,11/15/2016,TG-21310,OFF-BI-10003527,1016.792,1,381.297
US-2016-126893,11/26/2016,CT-11995,TEC-PH-10004165,494.982,3,-115.4958
CA-2017-103380,11/21/2017,BF-11005,TEC-PH-10004165,659.976,3,49.4982
CA-2015-116092,2/15/2015,JM-16195,OFF-AP-10001391,541.44,6,157.0176
CA-2016-164091,9/17/2016,LA-16780,TEC-PH-10001944,437.85,3,131.355
CA-2017-105214,6/16/2017,TS-21610,FUR-CH-10000015,1212.96,7,90.972
CA-2015-117611,11/8/2015,MZ-17335,TEC-AC-10002049,371.97,3,66.9546
CA-2017-122994,2/6/2017,MV-17485,FUR-BO-10004015,359.97,3,79.1934
CA-2016-131065,11/14/2016,AA-10375,TEC-AC-10004145,499.98,2,114.9954
CA-2015-142944,3/6/2015,JL-15850,FUR-FU-10000308,435.26,7,95.7572
CA-2015-142944,3/6/2015,JL-15850,TEC-CO-10003763,1119.984,2,377.9946
CA-2014-104283,6/27/2014,LM-17065,OFF-ST-10004337,306.2,5,0
CA-2017-142622,10/30/2017,JK-15625,FUR-CH-10004289,614.272,8,-23.0352
CA-2017-115154,1/8/2017,RS-19420,FUR-TA-10001950,892.98,2,80.3682
CA-2015-149342,4/20/2015,TS-21160,TEC-PH-10001557,287.97,3,77.7519
CA-2015-113145,11/1/2015,VD-21670,FUR-FU-10000965,259.7,5,106.477
CA-2015-113145,11/1/2015,VD-21670,TEC-AC-10001838,1399.93,7,601.9699
CA-2015-113145,11/1/2015,VD-21670,TEC-PH-10002597,503.96,4,125.99
CA-2016-106558,1/17/2016,DL-13495,TEC-AC-10001142,316,4,31.6
CA-2017-157931,9/17/2017,MO-17800,FUR-CH-10000785,723.92,4,188.2192
CA-2017-116225,11/5/2017,SV-20935,TEC-AC-10001432,390.75,5,171.93
US-2017-120418,6/11/2017,BC-11125,FUR-CH-10001394,280.792,1,35.099
CA-2017-122035,7/20/2017,EM-13825,OFF-AP-10002118,416.32,2,112.4064
CA-2017-122035,7/20/2017,EM-13825,TEC-AC-10003095,389.97,3,132.5898
CA-2017-165491,3/20/2017,HW-14935,TEC-AC-10000358,265.93,7,63.8232
CA-2015-109470,12/31/2015,KC-16255,OFF-BI-10000977,364.8,12,167.808
US-2015-147739,12/25/2015,JD-16150,FUR-FU-10001468,547.136,4,-68.392
CA-2017-169285,3/21/2017,RW-19690,OFF-PA-10004071,277.4,5,133.152
CA-2017-152695,12/10/2017,CC-12220,OFF-AP-10000026,426.79,7,123.7691
CA-2016-119025,2/22/2016,PV-18985,OFF-AP-10001205,490.32,9,137.2896
CA-2016-159373,3/13/2016,LT-17110,FUR-TA-10004619,557.585,5,0
CA-2015-111514,8/31/2015,SC-20260,FUR-BO-10002545,1552.831,7,200.9546
CA-2015-111514,8/31/2015,SC-20260,TEC-MA-10000597,239.976,3,80.9919
US-2014-148838,3/17/2014,CP-12340,FUR-TA-10003473,1579.746,7,-447.5947
US-2014-148838,3/17/2014,CP-12340,FUR-TA-10001950,1071.576,4,-553.6476
US-2014-148838,3/17/2014,CP-12340,FUR-TA-10004175,613.908,3,-122.7816
CA-2017-155152,7/7/2017,MP-17965,TEC-AC-10004353,252,4,93.24
CA-2016-159940,7/7/2016,BF-11020,FUR-CH-10000785,253.372,2,-14.4784
US-2017-117534,3/25/2017,CV-12295,TEC-CO-10000971,479.984,2,59.998
US-2015-127040,12/6/2015,SG-20605,TEC-AC-10002637,1619.91,9,97.1946
CA-2017-147361,9/9/2017,SB-20290,OFF-ST-10001809,628.81,7,12.5762
US-2016-110170,9/27/2016,HM-14860,FUR-BO-10000780,956.6648,7,-225.0976
CA-2017-108574,10/7/2017,MG-18145,TEC-AC-10002049,1115.91,9,200.8638
CA-2017-144589,1/20/2017,TM-21010,TEC-PH-10003072,359.976,3,130.4913
CA-2014-151295,11/12/2014,JA-15970,FUR-TA-10002356,629.064,3,31.4532
CA-2016-156300,12/29/2016,TB-21595,FUR-CH-10001714,754.45,5,60.356
CA-2015-146087,7/6/2015,PP-18955,FUR-BO-10002824,301.96,2,60.392
CA-2017-168655,10/12/2017,ML-18040,TEC-AC-10002842,595,5,95.2
CA-2016-107202,5/21/2016,LC-16930,TEC-MA-10000112,2396.4,10,179.73
US-2017-147669,12/25/2017,SV-20935,FUR-TA-10002645,273.06,2,-104.673
CA-2014-148586,3/25/2014,AZ-10750,FUR-CH-10002439,366.786,7,65.2064
CA-2015-154746,11/14/2015,PJ-18835,OFF-AP-10003057,826.11,3,322.1829
CA-2017-140053,7/3/2017,CA-12265,FUR-FU-10003708,545.85,9,114.6285
CA-2016-146934,5/22/2016,AF-10870,TEC-PH-10004614,345,5,86.25
CA-2016-146934,5/22/2016,AF-10870,OFF-AP-10003217,662.84,4,172.3384
CA-2016-146934,5/22/2016,AF-10870,TEC-PH-10001336,257.98,2,74.8142
CA-2016-119165,10/31/2016,BD-11320,FUR-CH-10000988,492.835,5,-14.081
CA-2015-128027,9/14/2015,CM-12385,OFF-ST-10001809,269.49,3,5.3898
CA-2017-128755,5/4/2017,MK-18160,OFF-ST-10003306,571.44,4,165.7176
US-2016-135923,1/22/2016,CM-11935,FUR-BO-10002213,451.136,4,-67.6704
CA-2016-114972,11/3/2016,PF-19225,OFF-AP-10003057,1101.48,4,429.5772
CA-2017-102750,9/4/2017,GM-14695,FUR-TA-10000198,1322.352,3,-99.1764
CA-2017-147956,12/24/2017,AH-10210,OFF-ST-10001097,1003.62,6,0
CA-2017-126067,8/28/2017,KN-16705,FUR-TA-10000617,1137.75,5,250.305
CA-2015-141040,10/9/2015,TB-21250,TEC-PH-10001835,631.96,4,303.3408
CA-2014-144624,11/19/2014,JM-15865,TEC-PH-10002885,4548.81,7,1228.1787
CA-2016-146206,9/10/2016,KT-16480,FUR-TA-10004086,300.93,5,-34.392
CA-2016-146206,9/10/2016,KT-16480,TEC-PH-10000895,719.96,5,53.997
CA-2014-136644,6/16/2014,SC-20575,FUR-CH-10000225,647.84,8,32.392
CA-2014-143917,7/25/2014,KL-16645,OFF-SU-10000151,8187.65,5,327.506
CA-2017-163902,3/2/2017,MY-17380,TEC-AC-10000580,479.94,6,52.7934
CA-2016-136812,11/18/2016,AW-10930,OFF-ST-10003470,1117.92,4,55.896
CA-2014-106572,9/5/2014,NP-18700,OFF-ST-10000585,264.32,2,19.824
CA-2014-128888,11/15/2014,PB-19105,OFF-EN-10003001,604.656,9,204.0714
CA-2016-124352,10/15/2016,CD-12790,OFF-AP-10002651,868.59,3,251.8911
CA-2014-111500,8/17/2014,DJ-13510,TEC-AC-10000844,339.96,4,122.3856
US-2017-117723,8/15/2017,DL-13495,OFF-ST-10004459,1801.632,6,-337.806
CA-2015-168746,1/27/2015,SV-20365,TEC-PH-10000895,431.976,4,-100.7944
CA-2015-113404,7/16/2015,EM-13810,FUR-CH-10003312,1348.704,6,-219.1644
CA-2015-113404,7/16/2015,EM-13810,FUR-CH-10004086,700.152,3,78.7671
US-2015-128090,8/16/2015,JM-15865,TEC-PH-10002624,1879.96,5,211.4955
US-2015-128090,8/16/2015,JM-15865,OFF-PA-10001878,313.024,8,105.6456
CA-2017-101042,11/19/2017,AB-10105,FUR-FU-10004665,821.88,6,213.6888
CA-2016-118626,8/15/2016,JC-15775,TEC-PH-10000369,705.544,7,70.5544
CA-2015-147788,5/31/2015,TM-21010,FUR-BO-10004357,1406.86,7,140.686
CA-2015-147788,5/31/2015,TM-21010,OFF-ST-10000046,323.1,2,61.389
CA-2017-123967,11/1/2017,SF-20200,FUR-TA-10003954,2665.62,9,239.9058
CA-2017-148929,9/7/2017,SP-20620,OFF-ST-10003282,478.08,8,133.8624
CA-2016-155845,8/12/2016,CM-12235,TEC-AC-10004145,1399.944,7,52.4979
CA-2017-145128,7/9/2017,SM-20320,FUR-FU-10000293,526.45,5,31.587
CA-2014-129091,11/22/2014,RA-19885,OFF-BI-10001071,319.9,5,156.751
CA-2014-129091,11/22/2014,RA-19885,OFF-AP-10002734,675.12,3,290.3016
US-2014-155502,1/26/2014,SD-20485,OFF-ST-10004337,489.92,8,0
CA-2017-131695,6/30/2017,RA-19285,OFF-ST-10001476,248.57,7,67.1139
CA-2016-137729,5/5/2016,BF-11005,TEC-PH-10001433,246.168,3,21.5397
US-2016-115455,9/8/2016,SE-20110,FUR-TA-10003569,601.47,3,-300.735
CA-2017-149048,5/13/2017,BM-11650,OFF-BI-10004632,914.97,3,411.7365
CA-2017-149048,5/13/2017,BM-11650,TEC-PH-10002310,587.97,3,158.7519
CA-2017-149048,5/13/2017,BM-11650,OFF-ST-10000078,530.34,2,95.4612
CA-2016-165848,6/4/2016,EN-13780,TEC-MA-10003356,1349.85,3,364.4595
CA-2014-127446,11/25/2014,MC-17590,FUR-TA-10000577,1218.735,5,-121.8735
CA-2017-127180,10/22/2017,TA-21385,TEC-CO-10004722,11199.968,4,3919.9888
CA-2017-127180,10/22/2017,TA-21385,TEC-PH-10001494,2399.6,8,647.892
US-2017-165344,11/13/2017,SB-20290,TEC-MA-10002210,652.995,7,-935.9595
CA-2015-162369,8/15/2015,TT-21265,OFF-ST-10000046,323.1,2,61.389
CA-2017-108441,6/12/2017,SB-20170,FUR-CH-10000595,858.24,4,143.04
CA-2014-131002,9/7/2014,TB-21400,FUR-FU-10004665,821.88,6,213.6888
US-2016-146794,9/26/2016,SH-19975,FUR-BO-10004467,424.9575,5,19.998
CA-2017-112515,9/17/2017,AS-10225,FUR-BO-10003404,1292.94,3,77.5764
CA-2017-112515,9/17/2017,AS-10225,OFF-ST-10001272,261.74,2,65.435
CA-2015-135538,12/24/2015,HR-14830,FUR-CH-10004287,883.84,4,99.432
CA-2017-123372,11/28/2017,DG-13300,TEC-PH-10002834,1979.89,11,494.9725
CA-2016-164784,5/1/2016,HF-14995,FUR-TA-10004534,370.62,3,-142.071
CA-2014-126403,9/9/2014,RR-19525,FUR-CH-10003761,785.88,6,212.1876
CA-2014-126403,9/9/2014,RR-19525,OFF-ST-10000078,1325.85,5,238.653
CA-2017-127026,1/21/2017,MH-18115,TEC-AC-10002049,619.95,5,111.591
CA-2017-127026,1/21/2017,MH-18115,TEC-MA-10002981,350.973,3,152.0883
CA-2017-137085,6/29/2017,CT-11995,OFF-BI-10000632,312.552,9,101.5794
CA-2014-145317,3/18/2014,SM-20320,TEC-MA-10003626,821.3,4,-16.426
CA-2014-145317,3/18/2014,SM-20320,TEC-MA-10002412,22638.48,6,-1811.0784
CA-2015-121797,1/30/2015,CC-12145,TEC-MA-10000488,1919.976,3,215.9973
CA-2014-110100,4/25/2014,LC-16885,TEC-PH-10004531,302.376,3,37.797
CA-2014-100006,9/7/2014,DK-13375,TEC-PH-10002075,377.97,3,109.6113
CA-2017-149888,11/7/2017,EP-13915,TEC-PH-10003811,359.97,5,-71.994
CA-2017-149888,11/7/2017,EP-13915,FUR-TA-10000849,350.352,4,-140.1408
CA-2017-119193,12/22/2017,SK-19990,TEC-PH-10003072,629.958,7,94.4937
CA-2017-104801,2/13/2017,FH-14350,TEC-AC-10001838,799.96,4,343.9828
CA-2015-115798,11/13/2015,KL-16645,TEC-PH-10003691,377.97,3,94.4925
CA-2015-115798,11/13/2015,KL-16645,FUR-BO-10004467,299.97,3,56.9943
CA-2017-122707,4/16/2017,EB-13750,OFF-SU-10000157,477.24,4,9.5448
CA-2015-140144,6/20/2015,SC-20770,FUR-FU-10002253,257.64,6,100.4796
CA-2014-155887,5/12/2014,KT-16480,FUR-TA-10002228,700.056,3,-130.0104
US-2014-141257,6/8/2014,CS-11950,FUR-CH-10002758,585.552,3,73.194
CA-2014-154669,8/8/2014,TM-21010,OFF-ST-10000532,423.28,11,110.0528
CA-2015-155306,4/17/2015,GA-14515,TEC-AC-10003174,323.37,3,129.348
CA-2015-155306,4/17/2015,GA-14515,TEC-PH-10002310,783.96,5,68.5965
CA-2015-155306,4/17/2015,GA-14515,OFF-AP-10002651,1447.65,5,419.8185
CA-2016-127775,6/11/2016,ES-14020,TEC-AC-10002402,239.97,3,71.991
CA-2016-146171,3/11/2016,JP-16135,OFF-ST-10001526,481.32,4,125.1432
CA-2017-167752,1/15/2017,RW-19690,OFF-AP-10002945,1924.16,8,312.676
CA-2016-139878,11/11/2016,LD-17005,TEC-PH-10001336,257.98,2,74.8142
CA-2015-149972,9/21/2015,CD-12790,FUR-CH-10004997,601.536,4,0
CA-2014-154599,4/12/2014,KN-16450,TEC-PH-10001557,1075.088,14,94.0702
CA-2014-154599,4/12/2014,KN-16450,TEC-PH-10000576,438.368,4,38.3572
CA-2014-154599,4/12/2014,KN-16450,FUR-BO-10001337,308.499,3,-18.147
CA-2016-153318,10/25/2016,JS-15595,TEC-PH-10000984,783.96,5,78.396
CA-2015-148635,7/25/2015,MH-18025,FUR-BO-10002213,704.9,5,56.392
CA-2015-148635,7/25/2015,MH-18025,FUR-CH-10001854,561.568,2,28.0784
CA-2015-135685,11/16/2015,MP-18175,TEC-AC-10004145,999.96,4,229.9908
CA-2015-135685,11/16/2015,MP-18175,FUR-TA-10000688,653.55,3,111.1035
CA-2015-104626,9/1/2015,DR-12940,OFF-ST-10003208,1088.76,6,315.7404
CA-2016-160500,5/5/2016,DM-13015,FUR-TA-10003748,298.776,3,7.4694
CA-2017-100202,12/31/2016,BD-11620,TEC-PH-10002563,302.376,3,22.6782
US-2014-112914,9/25/2014,MT-18070,FUR-BO-10003272,300.5328,2,-97.2312
CA-2014-148915,11/1/2014,ND-18370,OFF-ST-10001128,443.92,5,-94.333
CA-2016-147368,6/9/2016,TC-21295,TEC-MA-10002178,695.7,2,-27.828
US-2014-125521,3/14/2014,CK-12325,FUR-CH-10003379,1139.92,4,284.98
US-2016-162852,12/27/2016,BG-11695,FUR-CH-10004853,845.488,8,-12.0784
CA-2017-152093,9/10/2017,SN-20560,OFF-BI-10003527,762.594,3,-1143.891
CA-2017-157854,4/8/2017,DM-13345,OFF-BI-10001359,2690.97,3,1264.7559
CA-2016-128594,8/26/2016,DJ-13510,FUR-CH-10001215,1603.136,4,100.196
CA-2017-138975,5/19/2017,SC-20380,TEC-PH-10004389,377.97,3,98.2722
CA-2017-138975,5/19/2017,SC-20380,FUR-BO-10004695,1628.82,9,374.6286
CA-2017-138975,5/19/2017,SC-20380,OFF-PA-10000100,286.93,7,140.5957
CA-2014-148040,3/22/2014,BF-11275,FUR-CH-10001482,314.352,3,-35.3646
CA-2017-137022,11/16/2017,SW-20275,OFF-ST-10001963,811.28,8,24.3384
US-2016-167339,1/21/2016,TD-20995,FUR-CH-10000785,1013.488,7,76.0116
CA-2016-152072,1/15/2016,Dp-13240,TEC-AC-10000844,254.97,3,91.7892
US-2016-159856,10/18/2016,EP-13915,FUR-CH-10003396,307.92,5,-34.641
US-2016-164630,1/4/2016,EB-13975,TEC-CO-10000971,959.968,4,119.996
US-2015-114839,4/26/2015,PW-19240,FUR-CH-10004086,408.422,2,-5.8346
CA-2015-166464,9/12/2015,PG-18895,TEC-CO-10000971,479.984,2,59.998
CA-2016-153577,6/27/2016,KH-16330,FUR-CH-10003981,539.658,3,-7.7094
CA-2014-127586,9/26/2014,CS-12400,OFF-ST-10002615,310.12,2,80.6312
CA-2015-118444,11/5/2015,VD-21670,OFF-AP-10000576,387.136,4,24.196
CA-2015-134747,10/12/2015,DL-12925,TEC-PH-10001750,263.96,4,71.2692
US-2017-120390,10/19/2017,TH-21550,OFF-BI-10004995,1633.188,4,-1306.5504
US-2016-169040,12/6/2016,GT-14710,TEC-PH-10002834,431.976,3,26.9985
US-2016-169040,12/6/2016,GT-14710,OFF-PA-10001736,248.08,7,116.5976
CA-2017-155880,3/25/2017,JD-16150,FUR-CH-10004675,1526.56,7,427.4368
CA-2017-155880,3/25/2017,JD-16150,FUR-CH-10002880,368.97,3,40.5867
CA-2017-126242,11/19/2017,MC-18100,OFF-ST-10000675,305.01,9,76.2525
CA-2017-134915,11/12/2017,EM-14140,TEC-PH-10001459,671.984,2,50.3988
CA-2017-167941,11/6/2017,JF-15565,OFF-AP-10002118,499.584,3,43.7136
CA-2017-167941,11/6/2017,JF-15565,OFF-ST-10000736,259.136,4,-51.8272
CA-2015-137512,5/7/2015,AG-10675,FUR-TA-10001095,244.006,2,-31.3722
CA-2014-109232,1/13/2014,ND-18370,FUR-CH-10000422,545.94,6,87.3504
US-2014-112872,12/6/2014,RC-19960,FUR-TA-10003238,275.49,1,-170.8038
CA-2016-139269,5/25/2016,JB-16045,OFF-ST-10000689,1267.65,9,152.118
CA-2016-139010,2/21/2016,MC-17635,OFF-ST-10001809,449.15,5,8.983
CA-2017-147291,3/11/2017,MJ-17740,OFF-BI-10003091,895.92,4,421.0824
CA-2017-116519,10/13/2017,CR-12730,OFF-AP-10000828,904.9,5,253.372
CA-2016-115525,7/25/2016,RR-19525,OFF-AP-10000026,243.88,5,27.4365
CA-2017-134845,4/17/2017,SR-20425,TEC-MA-10000822,2549.985,5,-3399.98
US-2015-138919,9/17/2015,LS-16975,FUR-TA-10004154,344.22,2,-103.266
US-2016-160528,8/23/2016,MH-18115,OFF-ST-10002743,727.296,8,-172.7328
US-2016-160528,8/23/2016,MH-18115,TEC-AC-10002842,666.4,7,-33.32
CA-2017-124674,11/17/2017,JB-16000,FUR-BO-10002202,327.7328,2,-14.4588
CA-2017-116855,12/17/2017,AI-10855,FUR-CH-10003846,504.9,5,80.784
US-2016-164189,3/24/2016,DR-12880,TEC-PH-10003691,403.168,4,25.198
CA-2017-149559,9/11/2017,KF-16285,FUR-CH-10002320,2054.272,8,256.784
CA-2015-135174,4/30/2015,BP-11230,TEC-PH-10001530,1022.97,5,-255.7425
CA-2017-121419,4/2/2017,TC-21475,FUR-TA-10004534,411.8,2,70.006
CA-2017-121419,4/2/2017,TC-21475,TEC-AC-10000892,360,4,129.6
CA-2016-128517,4/9/2016,SW-20350,TEC-PH-10002555,517.9,2,134.654
US-2015-100377,8/28/2015,TS-21370,TEC-CO-10001046,2799.96,5,874.9875
CA-2017-106859,3/13/2017,BF-11215,OFF-PA-10001815,288.24,6,138.3552
US-2017-120089,11/30/2017,ML-17755,OFF-AP-10003779,663.936,4,82.992
CA-2014-119375,11/17/2014,YC-21895,OFF-ST-10002011,2934.33,7,792.2691
CA-2014-143903,7/20/2014,KM-16375,OFF-ST-10003306,342.864,3,38.5722
CA-2014-143903,7/20/2014,KM-16375,FUR-CH-10002024,981.372,2,-140.196
US-2017-132297,5/27/2017,DW-13480,TEC-PH-10002834,539.97,3,134.9925
CA-2017-118773,2/9/2017,TP-21415,OFF-BI-10004584,252.784,4,-417.0936
US-2017-159205,3/31/2017,DB-12910,TEC-PH-10000526,671.93,7,188.1404
CA-2016-112123,3/3/2016,BH-11710,OFF-BI-10001071,447.86,7,219.4514
CA-2016-112123,3/3/2016,BH-11710,TEC-PH-10001557,479.95,5,129.5865
CA-2017-131233,4/14/2017,CS-12355,FUR-BO-10003441,242.352,3,9.0882
CA-2017-119578,12/22/2017,JG-15310,OFF-SU-10003505,695.16,6,34.758
CA-2017-127460,7/10/2017,FG-14260,OFF-ST-10004340,298.464,6,26.1156
CA-2016-121671,7/17/2016,AA-10480,OFF-ST-10002344,242.94,3,4.8588
CA-2016-121671,7/17/2016,AA-10480,OFF-ST-10000078,265.17,1,47.7306
CA-2016-150350,8/23/2016,MS-17770,TEC-MA-10001972,837.6,3,62.82
CA-2016-150350,8/23/2016,MS-17770,FUR-CH-10001973,532.704,6,-39.9528
CA-2015-121720,6/11/2015,JE-15610,FUR-CH-10003312,1123.92,5,-182.637
CA-2015-121720,6/11/2015,JE-15610,TEC-PH-10002496,249.584,2,31.198
CA-2015-121720,6/11/2015,JE-15610,OFF-ST-10001780,1036.624,2,51.8312
CA-2015-121720,6/11/2015,JE-15610,OFF-ST-10003816,563.808,4,21.1428
CA-2017-149895,9/8/2017,EB-14110,TEC-PH-10002200,258.528,2,-47.3968
CA-2014-136399,12/16/2014,CC-12100,FUR-CH-10002602,241.568,2,18.1176
CA-2014-136399,12/16/2014,CC-12100,TEC-AC-10001142,395,5,39.5
CA-2014-136399,12/16/2014,CC-12100,TEC-PH-10004977,627.168,4,70.5564
US-2016-148110,9/5/2016,AR-10825,FUR-CH-10002647,347.802,7,-24.843
CA-2017-131828,2/11/2017,CS-11845,FUR-CH-10004495,963.136,4,108.3528
CA-2015-147830,12/15/2015,NF-18385,TEC-AC-10002049,2025.36,6,607.608
CA-2015-147830,12/15/2015,NF-18385,TEC-MA-10000418,1799.994,2,-2639.9912
CA-2015-147830,12/15/2015,NF-18385,FUR-FU-10004091,262.864,7,69.0018
CA-2017-150497,7/20/2017,SM-20950,OFF-BI-10004600,735.98,2,331.191
CA-2015-139584,8/24/2015,EM-13810,FUR-TA-10001539,284.364,2,-75.8304
CA-2014-153969,9/21/2014,HF-14995,TEC-PH-10001299,239.984,2,23.9984
CA-2016-138695,5/28/2016,KC-16675,FUR-CH-10003833,390.272,8,-24.392
US-2016-133879,3/21/2016,KT-16465,FUR-CH-10000665,528.43,5,0
CA-2017-105235,12/5/2017,SM-20950,OFF-AP-10001271,254.9,5,68.823
CA-2017-152912,11/9/2017,BM-11650,TEC-AC-10004666,826.62,3,355.4466
CA-2017-152912,11/9/2017,BM-11650,OFF-ST-10003208,1633.14,9,473.6106
CA-2017-152912,11/9/2017,BM-11650,OFF-ST-10003208,544.38,3,157.8702
CA-2014-158372,11/10/2014,RD-19900,TEC-PH-10002103,601.536,8,60.1536
CA-2016-108882,1/9/2016,LA-16780,TEC-AC-10000420,349.95,5,118.983
CA-2016-108882,1/9/2016,LA-16780,TEC-PH-10002726,377.928,9,141.723
CA-2017-104640,11/10/2017,FH-14275,OFF-BI-10003925,931.176,3,314.2719
CA-2017-104640,11/10/2017,FH-14275,TEC-PH-10002200,430.88,2,124.9552
CA-2014-108189,10/2/2014,ES-14080,TEC-PH-10001760,318.4,2,107.46
CA-2014-154641,8/11/2014,KL-16645,OFF-ST-10004459,375.34,1,18.767
US-2016-127971,11/20/2016,DW-13195,FUR-CH-10003774,318.43,5,-77.333
CA-2017-113355,12/1/2017,SJ-20215,FUR-CH-10002602,317.058,3,-18.1176
US-2017-140907,12/10/2017,BP-11185,OFF-ST-10000060,324.9,5,38.988
CA-2014-140662,11/17/2014,TS-21205,OFF-PA-10003395,733.95,7,352.296
CA-2014-140662,11/17/2014,TS-21205,OFF-AP-10001242,241.44,3,72.432
US-2014-126571,10/11/2014,JF-15565,OFF-ST-10003816,281.904,2,10.5714
CA-2017-133865,5/8/2017,PS-19045,TEC-CO-10001046,3359.952,6,1049.985
CA-2014-102988,4/5/2014,GM-14695,OFF-SU-10002881,4164.05,5,83.281
CA-2015-157770,12/13/2015,RD-19585,TEC-PH-10001530,494.376,3,49.4376
CA-2015-157770,12/13/2015,RD-19585,TEC-AC-10001552,248.85,5,27.3735
CA-2017-113418,10/1/2017,CM-12655,TEC-MA-10002428,1704.89,11,767.2005
CA-2017-136308,11/16/2017,MW-18235,TEC-MA-10000488,1919.976,3,215.9973
US-2014-159926,11/18/2014,CS-11950,TEC-PH-10001128,539.964,6,-107.9928
CA-2014-104738,12/30/2014,SP-20620,TEC-PH-10000576,328.776,3,28.7679
US-2014-133130,9/27/2014,TH-21100,FUR-CH-10002602,603.92,5,45.294
CA-2017-169978,12/24/2017,HG-15025,FUR-CH-10002602,271.764,2,48.3136
CA-2017-161739,11/10/2017,EB-13750,FUR-FU-10001468,341.96,5,-427.45
CA-2014-134551,12/20/2014,TS-21505,FUR-CH-10004287,662.88,3,74.574
CA-2014-165309,11/11/2014,KD-16270,OFF-BI-10001359,896.99,5,-1480.0335
CA-2014-165309,11/11/2014,KD-16270,OFF-PA-10001033,262.336,8,95.0968
CA-2014-165309,11/11/2014,KD-16270,TEC-PH-10004959,241.176,3,15.0735
US-2017-109253,8/21/2017,PR-18880,TEC-PH-10004667,431.968,4,37.7972
US-2017-109253,8/21/2017,PR-18880,FUR-TA-10001539,568.728,3,28.4364
CA-2016-145982,8/27/2016,TB-21055,FUR-TA-10001307,244.615,1,20.967
US-2014-134733,9/23/2014,BM-11650,FUR-BO-10002916,435.999,3,20.5176
US-2014-150434,7/19/2014,CA-12310,TEC-PH-10000895,359.98,2,93.5948
CA-2014-115161,1/31/2014,LC-17050,FUR-BO-10003966,290.666,2,3.4196
CA-2016-134887,3/25/2016,TB-21280,TEC-AC-10003832,1287.45,5,244.6155
CA-2015-161718,12/4/2015,SO-20335,FUR-CH-10002372,364.41,5,8.098
CA-2015-161718,12/4/2015,SO-20335,FUR-CH-10002965,361.764,2,68.3332
CA-2015-130659,12/4/2015,MS-17365,FUR-CH-10003535,384.174,7,29.8802
CA-2015-130659,12/4/2015,MS-17365,TEC-PH-10004586,1799.75,5,539.925
CA-2017-148404,10/7/2017,Dp-13240,OFF-ST-10003208,580.672,4,65.3256
CA-2014-166471,8/9/2014,MG-17650,TEC-PH-10001530,1091.168,4,68.198
US-2017-148362,7/1/2017,KF-16285,OFF-ST-10001128,443.92,4,13.3176
CA-2014-102274,11/21/2014,DH-13075,OFF-PA-10004359,629.1,6,301.968
US-2014-150119,4/23/2014,LB-16795,FUR-CH-10002965,281.372,2,-12.0588
CA-2016-100244,9/20/2016,GM-14695,OFF-BI-10003656,271.984,2,88.3948
CA-2015-150791,9/6/2015,CC-12430,FUR-CH-10000665,271.764,2,60.392
CA-2016-134803,5/28/2016,CL-12565,OFF-AP-10000891,262.24,2,78.672
CA-2016-134803,5/28/2016,CL-12565,TEC-MA-10001972,558.4,2,41.88
CA-2015-153381,9/24/2015,DE-13255,FUR-CH-10000988,1408.1,10,394.268
CA-2017-152583,10/30/2017,RA-19945,FUR-TA-10002041,251.006,2,-68.1302
CA-2017-168858,11/19/2017,JD-16150,OFF-AP-10003849,2504.74,7,626.185
CA-2014-157609,3/16/2014,KN-16705,TEC-PH-10002415,471.92,2,29.495
CA-2017-136448,9/16/2017,AS-10090,OFF-BI-10001359,538.194,2,-412.6154
CA-2017-114258,11/5/2017,EM-13825,TEC-PH-10003012,492.768,4,55.4364
CA-2015-152611,2/20/2015,KA-16525,OFF-AR-10003903,286.79,7,74.5654
US-2015-147242,9/10/2015,EH-13765,FUR-BO-10004695,361.96,2,83.2508
US-2015-147242,9/10/2015,EH-13765,OFF-PA-10003039,278.82,9,125.469
CA-2016-131289,12/8/2016,SP-20620,FUR-TA-10003954,1421.664,6,-195.4788
CA-2014-124688,8/27/2014,CC-12610,TEC-PH-10000455,579.95,5,168.1855
CA-2014-124688,8/27/2014,CC-12610,FUR-TA-10003569,1202.94,3,300.735
CA-2015-157322,7/2/2015,RH-19600,FUR-CH-10004086,408.422,2,-5.8346
CA-2015-157322,7/2/2015,RH-19600,FUR-CH-10003774,382.116,6,-92.7996
CA-2015-157322,7/2/2015,RH-19600,OFF-ST-10003208,435.504,3,48.9942
CA-2017-142034,9/24/2017,KB-16240,TEC-AC-10000990,655.9,5,275.478
CA-2017-142034,9/24/2017,KB-16240,FUR-CH-10000665,603.92,4,181.176
CA-2016-107328,8/8/2016,CA-12055,FUR-TA-10001932,513.024,2,12.8256
CA-2016-107328,8/8/2016,CA-12055,OFF-AP-10004487,487.92,6,136.6176
CA-2016-150945,12/18/2016,JK-16120,OFF-ST-10003716,900.08,4,117.0104
CA-2014-166863,6/20/2014,SC-20020,TEC-MA-10001972,418.8,2,-97.72
CA-2014-166863,6/20/2014,SC-20020,OFF-ST-10004123,509.488,7,-127.372
CA-2017-140326,9/4/2017,HW-14935,FUR-BO-10000112,825.174,9,-117.882
US-2016-113649,8/9/2016,HA-14920,OFF-AP-10002518,569.536,4,64.0728
CA-2015-124975,6/22/2015,MG-17875,FUR-TA-10002645,796.425,7,-525.6405
CA-2016-114482,11/21/2016,DM-13345,TEC-PH-10001580,404.94,3,109.3338
CA-2016-132731,11/24/2016,GA-14515,TEC-PH-10004120,657.552,6,49.3164
CA-2017-148922,12/10/2017,SU-20665,TEC-AC-10001838,599.97,3,257.9871
CA-2014-110849,4/18/2014,JL-15835,TEC-MA-10002859,287.968,4,97.1892
CA-2016-152555,3/29/2016,ME-17320,FUR-CH-10002965,844.116,6,-36.1764
CA-2016-152555,3/29/2016,ME-17320,TEC-PH-10001254,812.736,8,60.9552
CA-2014-120838,3/23/2014,PO-18865,OFF-ST-10000585,330.4,2,85.904
CA-2014-120838,3/23/2014,PO-18865,TEC-PH-10003484,604.752,6,37.797
CA-2017-152737,11/7/2017,TS-21505,TEC-AC-10004975,439.8,4,145.134
CA-2017-103877,9/7/2017,RD-19660,OFF-BI-10003650,1577.94,3,757.4112
CA-2017-168109,7/3/2017,JK-15640,TEC-MA-10001148,2395.2,6,209.58
CA-2017-168109,7/3/2017,JK-15640,TEC-AC-10002049,1687.8,4,742.632
CA-2016-104157,7/25/2016,MT-17815,FUR-TA-10004915,2430.08,8,388.8128
CA-2015-121650,12/10/2015,KD-16495,FUR-TA-10003569,801.96,2,200.49
CA-2017-121839,9/24/2017,MH-18115,TEC-PH-10002885,1169.694,3,-253.4337
CA-2017-158729,12/19/2017,AC-10450,OFF-SU-10002881,1665.62,2,33.3124
CA-2017-146535,11/24/2017,FM-14290,OFF-ST-10001526,1443.96,12,375.4296
CA-2016-108434,12/5/2016,JG-15160,OFF-ST-10002615,465.18,3,120.9468
CA-2017-138310,6/26/2017,NP-18700,TEC-AC-10001990,431.928,9,64.7892
CA-2014-159835,11/17/2014,RB-19330,FUR-CH-10004997,657.93,5,-93.99
CA-2017-112956,8/21/2017,TH-21550,OFF-PA-10000357,277.4,5,133.152
CA-2017-112529,11/19/2017,SC-20770,FUR-TA-10002622,718.116,6,-71.8116
CA-2017-141929,9/4/2017,RA-19285,OFF-BI-10004632,487.984,2,152.495
CA-2017-113530,5/19/2017,BC-11125,FUR-CH-10002647,681.408,12,42.588
CA-2014-169726,8/9/2014,JH-15985,OFF-BI-10004600,2060.744,7,643.9825
CA-2017-132178,5/3/2017,DB-12970,OFF-ST-10000025,763.44,8,45.8064
CA-2016-145177,11/10/2016,PP-18955,OFF-AP-10002457,334.88,4,29.302
CA-2014-156594,12/20/2014,MC-17845,OFF-BI-10004632,487.984,2,152.495
CA-2017-133004,8/31/2017,AJ-10945,OFF-AP-10002439,638.73,9,166.0698
CA-2016-155005,6/13/2016,SC-20050,TEC-PH-10003484,377.97,3,94.4925
US-2017-129777,7/3/2017,FM-14290,TEC-AC-10003590,258.9,10,93.204
CA-2015-132626,7/9/2015,BT-11680,TEC-MA-10002428,464.97,3,209.2365
US-2015-131359,10/30/2015,FA-14230,TEC-CO-10001571,439.992,1,164.997
CA-2015-104941,6/13/2015,DH-13075,TEC-CO-10004202,899.97,3,314.9895
CA-2017-113670,10/15/2017,RS-19765,FUR-TA-10001705,510.24,3,6.378
CA-2014-135608,12/8/2014,JK-15625,FUR-CH-10002602,603.92,5,45.294
CA-2016-142370,9/19/2016,TP-21130,TEC-AC-10002926,249.95,5,107.4785
US-2014-169789,12/30/2014,MF-17665,OFF-BI-10004600,551.985,5,-459.9875
CA-2016-165169,6/5/2016,JL-15235,OFF-ST-10001496,360.38,2,93.6988
CA-2015-109575,9/18/2015,KH-16630,OFF-ST-10004123,636.86,7,0
CA-2015-109575,9/18/2015,KH-16630,TEC-PH-10000730,499.99,1,129.9974
CA-2015-109575,9/18/2015,KH-16630,TEC-PH-10000895,1259.93,7,327.5818
CA-2016-149979,9/23/2016,RA-19915,FUR-CH-10002084,368.97,3,81.1734
CA-2017-161956,8/27/2017,DR-12880,OFF-AP-10001242,321.92,4,96.576
CA-2017-161956,8/27/2017,DR-12880,TEC-CO-10001571,879.984,2,329.994
CA-2017-161956,8/27/2017,DR-12880,OFF-BI-10003650,841.568,2,294.5488
CA-2017-161956,8/27/2017,DR-12880,OFF-ST-10001370,354.9,5,17.745
CA-2016-116799,3/3/2016,JG-15310,FUR-CH-10004983,563.43,5,-56.343
CA-2016-156251,8/13/2016,TS-21160,FUR-BO-10001337,241.96,2,24.196
CA-2014-153913,12/16/2014,KB-16585,FUR-CH-10000988,1013.832,9,101.3832
CA-2016-155530,12/17/2016,CM-12160,FUR-TA-10004256,2003.52,6,-325.572
US-2014-102715,4/11/2014,JK-15370,TEC-AC-10002001,383.976,3,81.5949
US-2014-102715,4/11/2014,JK-15370,TEC-AC-10001874,335.944,7,41.993
CA-2014-149643,11/16/2014,RH-19510,TEC-PH-10000038,273.96,2,10.9584
CA-2015-135314,7/9/2015,MC-17575,TEC-PH-10003072,269.982,3,40.4973
CA-2017-165204,11/13/2017,MN-17935,OFF-ST-10003716,720.064,4,-63.0056
CA-2016-144218,10/31/2016,JD-15895,OFF-ST-10002615,1085.42,7,282.2092
US-2014-117163,1/27/2014,EJ-13720,FUR-TA-10003469,333,3,-16.65
CA-2017-121314,9/23/2017,BE-11410,OFF-PA-10003395,251.64,3,88.074
CA-2017-147760,11/4/2017,KL-16555,FUR-TA-10004575,523.764,3,-192.0468
CA-2017-147760,11/4/2017,KL-16555,TEC-PH-10002483,1359.96,5,118.9965
CA-2015-113628,11/12/2015,AH-10690,FUR-CH-10003298,523.92,5,-72.039
CA-2016-152471,7/8/2016,ZD-21925,TEC-PH-10002824,823.96,5,51.4975
CA-2015-102582,9/15/2015,NW-18400,FUR-TA-10003569,801.96,2,200.49
CA-2015-102582,9/15/2015,NW-18400,FUR-CH-10004853,1056.86,7,306.4894
CA-2017-141873,10/9/2017,HG-14845,FUR-BO-10003034,314.352,3,-15.7176
CA-2015-140984,9/14/2015,CC-12685,OFF-ST-10000585,991.2,6,257.712
CA-2015-140984,9/14/2015,CC-12685,TEC-CO-10001571,879.984,2,329.994
CA-2017-141733,5/7/2017,RW-19540,FUR-CH-10004086,1458.65,5,423.0085
CA-2017-141733,5/7/2017,RW-19540,FUR-CH-10000595,476.8,2,119.2
CA-2014-105984,11/24/2014,MY-18295,TEC-PH-10000560,1049.97,5,-209.994
CA-2014-105984,11/24/2014,MY-18295,FUR-CH-10000847,611.058,3,-34.9176
CA-2014-126760,7/26/2014,KM-16720,TEC-PH-10001363,911.984,2,113.998
CA-2014-126760,7/26/2014,KM-16720,FUR-CH-10003312,674.352,3,-109.5822
CA-2014-101931,10/28/2014,TS-21370,OFF-SU-10000646,480.74,2,14.4222
CA-2014-101931,10/28/2014,TS-21370,FUR-BO-10001337,616.998,6,-36.294
CA-2017-129000,11/25/2017,SZ-20035,OFF-ST-10001097,501.81,3,0
CA-2017-161053,9/22/2017,JE-15745,OFF-BI-10004318,691.96,4,318.3016
US-2017-105389,10/23/2017,DM-13015,TEC-PH-10002824,823.96,5,51.4975
CA-2014-140816,12/20/2014,TC-21295,TEC-AC-10001539,447.944,7,89.5888
CA-2017-154039,2/17/2017,JK-16120,FUR-TA-10001932,480.96,3,-269.3376
CA-2014-124709,7/27/2014,GW-14605,TEC-AC-10002842,238,2,38.08
CA-2015-132486,10/23/2015,JF-15355,FUR-CH-10004495,240.784,1,27.0882
CA-2015-132486,10/23/2015,JF-15355,FUR-CH-10001854,842.352,3,42.1176
CA-2015-129896,6/15/2015,PF-19120,FUR-FU-10004904,364.704,6,-36.4704
CA-2014-100895,6/2/2014,SV-20785,TEC-PH-10001425,239.97,3,67.1916
CA-2014-100895,6/2/2014,SV-20785,OFF-ST-10001490,356.94,2,107.082
US-2016-163881,11/24/2016,SP-20860,TEC-AC-10003033,659.9,2,217.767
US-2016-163881,11/24/2016,SP-20860,FUR-CH-10001394,1684.752,6,210.594
US-2016-163881,11/24/2016,SP-20860,TEC-AC-10000420,559.92,8,190.3728
US-2016-144547,11/10/2016,MS-17770,TEC-AC-10004901,279.944,7,48.9902
US-2015-119312,10/2/2015,CS-12400,OFF-ST-10000943,270.34,14,75.6952
CA-2015-167010,4/5/2015,VT-21700,OFF-ST-10003816,563.808,4,21.1428
CA-2015-167010,4/5/2015,VT-21700,FUR-FU-10001468,547.136,4,-68.392
CA-2015-167010,4/5/2015,VT-21700,FUR-BO-10004218,352.45,5,-211.47
CA-2017-126788,6/5/2017,AB-10105,TEC-PH-10001619,470.376,3,52.9173
US-2017-142573,7/18/2017,ML-17410,FUR-TA-10001932,801.6,5,-448.896
US-2017-142573,7/18/2017,ML-17410,FUR-CH-10000513,311.976,3,-42.8967
CA-2016-110044,6/28/2016,RF-19735,TEC-PH-10001299,359.976,3,35.9976
CA-2016-162082,3/14/2016,JS-15880,FUR-BO-10004409,241.332,5,-14.196
US-2016-143448,12/10/2016,MH-17455,FUR-CH-10003379,1424.9,5,356.225
US-2016-142685,6/23/2016,MG-17695,OFF-SU-10000157,835.17,7,16.7034
CA-2016-119963,11/18/2016,SN-20710,FUR-CH-10003817,255.108,6,-18.222
CA-2016-167556,3/29/2016,JM-15250,FUR-FU-10004848,414,8,124.2
CA-2016-135265,7/7/2016,CC-12370,FUR-CH-10003061,287.968,4,-3.5996
CA-2016-135265,7/7/2016,CC-12370,TEC-CO-10003763,2799.96,5,944.9865
CA-2016-108735,4/17/2016,JM-15535,FUR-BO-10003441,257.499,3,24.2352
CA-2017-112333,4/8/2017,KF-16285,OFF-ST-10001780,2591.56,4,621.9744
CA-2014-137589,11/3/2014,MS-17770,OFF-SU-10000157,286.344,3,-64.4274
CA-2015-105627,3/8/2015,DK-12895,FUR-BO-10002916,512.94,3,97.4586
CA-2015-105627,3/8/2015,DK-12895,FUR-CH-10002084,860.93,7,189.4046
CA-2015-105627,3/8/2015,DK-12895,TEC-PH-10003012,769.95,5,223.2855
CA-2015-105627,3/8/2015,DK-12895,FUR-FU-10000308,373.08,6,82.0776
CA-2014-116834,10/11/2014,Dp-13240,TEC-AC-10002942,345,5,58.65
CA-2016-145730,3/3/2016,CC-12220,FUR-TA-10004915,637.896,3,-127.5792
CA-2016-145730,3/3/2016,CC-12220,TEC-MA-10001016,287.91,3,33.5895
CA-2017-144463,1/1/2017,SC-20725,FUR-FU-10001215,474.43,11,199.2606
CA-2015-165624,8/23/2015,FH-14350,OFF-AP-10000828,542.94,3,152.0232
CA-2015-165624,8/23/2015,FH-14350,TEC-AC-10004568,251.91,9,47.8629
CA-2014-154963,6/22/2014,AA-10645,FUR-CH-10000454,853.93,5,0
CA-2017-130764,10/27/2017,JO-15145,FUR-BO-10003034,556.665,5,6.549
CA-2017-124296,12/24/2017,CS-12355,TEC-MA-10003183,479.97,3,239.985
CA-2016-169957,9/26/2016,SN-20710,OFF-AP-10000576,236.88,6,66.3264
US-2016-108777,12/12/2016,JM-15655,TEC-AC-10002567,383.952,6,76.7904
CA-2014-110786,12/29/2014,AJ-10795,TEC-MA-10003183,767.952,6,287.982
CA-2014-110786,12/29/2014,AJ-10795,OFF-LA-10001474,274.77,9,126.3942
US-2015-166520,7/16/2015,KE-16420,TEC-AC-10001990,599.9,10,191.968
CA-2017-136350,6/24/2017,GA-14515,FUR-FU-10003601,276.69,3,49.8042
CA-2014-122931,9/29/2014,SM-20950,FUR-TA-10004175,409.272,2,-81.8544
CA-2014-122931,9/29/2014,SM-20950,OFF-ST-10004459,1801.632,6,-337.806
CA-2014-163034,11/24/2014,DK-12985,OFF-ST-10000046,646.2,5,-8.0775
CA-2015-124058,11/20/2015,LC-16885,FUR-CH-10000595,572.16,3,35.76
CA-2014-102673,11/1/2014,KH-16630,TEC-PH-10004434,978.84,9,110.1195
CA-2015-156104,12/6/2015,NP-18685,TEC-CO-10002095,999.98,2,449.991
US-2015-164308,9/24/2015,SC-20680,TEC-PH-10004120,821.94,6,213.7044
CA-2016-111913,8/4/2016,LC-16930,TEC-PH-10002275,302.384,2,30.2384
US-2014-156559,8/19/2014,LH-16900,FUR-BO-10000711,638.82,9,172.4814
CA-2015-102491,8/24/2015,KW-16435,TEC-MA-10000864,3080,7,1416.8
CA-2015-102491,8/24/2015,KW-16435,TEC-PH-10001619,587.97,3,170.5113
CA-2014-116904,9/23/2014,SC-20095,OFF-ST-10000736,404.9,5,16.196
CA-2014-116904,9/23/2014,SC-20095,OFF-BI-10001120,9449.95,5,4630.4755
CA-2016-163573,11/24/2016,AC-10450,OFF-BI-10004632,1219.96,5,381.2375
CA-2015-153416,11/24/2015,TS-21340,OFF-ST-10000060,454.86,7,54.5832
CA-2014-127299,9/19/2014,JL-15835,TEC-MA-10001127,2624.985,3,-944.9946
CA-2017-105914,10/2/2017,PV-18985,OFF-ST-10003716,1575.14,7,204.7682
CA-2015-136196,11/28/2015,TP-21415,FUR-FU-10004017,322.59,3,64.518
CA-2017-106068,10/23/2017,RB-19330,OFF-ST-10002344,259.136,4,-58.3056
CA-2017-115546,5/14/2017,AH-10465,TEC-PH-10002834,539.97,3,134.9925
CA-2015-163587,3/14/2015,EP-13915,OFF-BI-10003091,671.94,3,315.8118
CA-2014-157924,10/11/2014,HA-14920,FUR-CH-10000229,433.568,2,-65.0352
CA-2014-128846,4/7/2014,RS-19765,TEC-PH-10003273,629.95,5,163.787
US-2017-136868,10/6/2017,CR-12820,TEC-AC-10001539,319.96,4,115.1856
US-2017-136868,10/6/2017,CR-12820,OFF-ST-10000991,344.91,3,10.3473
CA-2017-166709,11/17/2017,HL-15040,TEC-CO-10004722,10499.97,3,5039.9856
CA-2015-150875,11/16/2015,HK-14890,FUR-TA-10000577,696.42,2,160.1766
CA-2015-150875,11/16/2015,HK-14890,TEC-PH-10001254,304.776,3,22.8582
US-2016-161683,12/3/2016,CJ-12010,OFF-AP-10000179,394.816,4,93.7688
CA-2015-143105,12/10/2015,MA-17560,TEC-CO-10002095,799.984,2,249.995
CA-2014-145387,10/31/2014,AM-10705,FUR-CH-10002320,1604.9,5,481.47
